total_x,total_y
오늘 회의합시다.,1
인공지능 모델 자체 관리하고싶어서,1
일단 프론트를 구하는게 맞는것 같음,1
팀원구하기시작했어,1
우선 프론트 구하자,1
우리도 프론트 개발자 한분 모십니다를 하자,1
글 하나 올릴까?,1
연락오면 알려주기,1
수정했어,1
컴터 새로사,1
아 여기에 링크올려보고 모바일로 들어가봐야겠다,1
수시로 확인하기,1
강의 끝나면 시작한다,1
md먼저 작성해서 내야징,1
도메인 강의 요약하기,1
일단 베이식 마무리하고 온다,1
한번만 더올리고 1시까지 기다려볼까,1
1시반까지 연락 안오면 걍 내기,1
팀원 명단 제출하기,1
내일중에 톡방 만들께여,1
내일 팀확정되면 톡방 개설하겠습니다,1
코딩은 오후에 시작해도 연락은 받아라,1
공지사항에 있는 폼에 제출하기,1
제출했어요,1
오늘 3시에 강의있습니다,1
일단 들으러 달려간다,1
보안서약서도 미리 내세요,1
명세서따라 개인적으로 진행하겠습니다,1
주제정해야 합니다,1
밤에 명세서 따라 작성해보겠습니다,1
버전 맞춥시다,1
오후 미팅은 없습니다,1
필요 라이브러리 설치되면 알려주기,1
연동해야 합니다,1
폴더 주소로 바꾸기,1
명세서 내용으로 에픽 만들어둘 예정입니다,1
아이디어 생각해서 공유합시다,1
다운로드 받으신 분 있으면 알려주세요,1
데이터셋 불러오기,1
코드있나 확인하기,1
비밀번호 바꾸기,1
질문부터 해결하시죠,1
방금 오류 해결했습니다,1
오전에 조회하구 주제얘기좀 진행하시죠,1
금요일에 평가 진행합니다,1
안되면 내일 물어봅시다,1
주제 생각나면 공유해놓읍시다,1
다음주에 구체화합시다,1
점심먹고 만납시다,1
미팅 후 열어주실래요,1
오류를 찾아서 공유해주기,1
쉬다가 4시부터 하겠습니다,1
다시 해보겠습니다,1
내일 완벽하게 설명좀 부탁드립니다,1
다시 코드보면서 마무리 할게요,1
심화학습 진행할게요,1
1시 이후에 각자 확인해서 평가하는걸로 해요,1
저장하고 추가하고 쉬겠습니다,1
2시에 만나요,1
작업 마무리하고 오겠습니다,1
팀명이랑 부가 아이디어 생각해옵시다,1
목요일에 팀미팅 있습니다,1
다들 장비사진 올려주세요,1
주제 얘기 진행합시다,1
오늘 얘기만 해보아요,1
서비스 전체적으로 괜찮을거 같은걸로 생각해오겠습니다,1
페르소나를 선정해봅시다,1
내일 회의 없습니다 참고해주세요,1
프로젝트 세팅되면 알려주세요,1
담당 업무 알려주세요,1
상담 질문거리 준비해주세요,1
서비스명 정하고 세팅해주세요,1
오늘안에 서비스명 정해주세요,1
6시에 퇴실해주세요,1
네시부터 간간히 회의하면서 진행할게요,1
종례 끝나고 데이터좀 찾아볼게요,1
공동작업자 요청 부탁드립니다,1
사본 저장해서 공유해주세요,1
데이터 찾으면 공유부탁합니다,1
한번 정리해볼테니 다들 본 다음 확정해주세요,1
관련 툴 연동 부탁드립니다,1
일단 연동 해놓았습니다,1
회의하면서 얘기 더 하면서 수정해야합니다,1
다른 의견이 있으면 알려주세요,1
한시에 미팅 열겠습니다,1
새로운 방법을 찾고있습니다,1
디자인 만들고 공유하겠습니다,1
설명회 다들 참석해주세요,1
구조에 대해 공부하고 오겠습니다,1
메모장에 정리해서 한번에 보내주기,1
중요한거 얘기나오면 알려주세요,1
아래 항목중 결정된 것이 있다면 채워서 보내주세요,1
빠른 시일 내에  담당자를 정하겠습니다,1
라이센스 발급받겠습니다,1
회의록도 다 업로드 해주세요,1
데이터 찾아보기,1
기능 구체화하기,1
와이어프레임 작성하기,1
모델 찾아보기,1
발표 준비하기,1
알아서 2시에 모입시다,1
쉬었다가 모델 찾아보겠습니다,1
스토리라인 짜기,1
씻고 카페가기,1
아이디어 반영하기,1
프로젝트 진행하기,1
간단한 모델 공부하기,1
데이터 전처리하기,1
대신 들어가서 발표하기,1
서비스랑 세부기능 구성 완료했습니다,1
학습용 데이터 모으고 있습니다,1
역할 분담 상세히 하겠습니다,1
컨설턴트님한테 교육듣기,1
음성 저장 방법 알아두기,1
프로젝트 설정하기,1
프로젝트 빌드업하기,1
다이어그램 작성하기,1
포맷 따라 작성하기,1
세부적인 스토리 생기면 알아서 주제맞게 올리기,1
인공지능 모델 만들기,1
매주차에 피드백 만들기,1
이슈 수정하기,1
이슈 생성하기,1
설문조사 2개 있으니 시간 내로 꼭 완료해주세요,1
사진 만들었습니다,1
코딩 했습니다,1
인공지능 열심히 진행했습니다,1
알고리즘 구현해야합니다,1
게시판에 질문모읍시다,1
종례 후 간단하게 모입시다,1
우선 만들어주세요,1
일단 그럼 진행하겠습니다,1
피피티 내용정리 부탁합니다,1
멘토링 한줄 평 적어주세요,1
심플하게 작성 부탁해요,1
필요로할 소스들만 넣어놉시다,1
메인기능 넣어주세요,1
목차는 생략합니다,1
어떤 기술 사용할 지 연구했습니다,1
빨리 마무리하고 합류할게요,1
인증코드 처리했습니다,1
캡쳐해서 추가로 작성하겠습니다,1
소셜 로그인 기능 구현 완료했습니다,1
다운받아서 보낼게요,1
만날 카페 장소 찾아보고 있습니다,1
공인인증서 다운로드 받겠습니다,1
최신 버전 푸쉬했습니다,1
최신 버전 다운받았습니다,1
정리를 해서 보내겠습니다,1
우리 10월초부터 개발 시작해야해요.,1
디자이너 3시까지 섭외해주세요.,1
디자이너는 섭외해주세요.,1
사용할 데이터 3시까지 공유해주세요.,1
저희가 사용할 데이터 공유할게요.,1
기획안 준비해주세요.,1
오늘까지 기획안 준비해주세요.,1
기획 발표 있습니다.,1
오늘 기획 발표하는거 아시죠?,1
기획안 3시까지 공유해주세요.,1
기획안 공유부탁드려요.,1
로그인 기능 3시까지 완성해주세요.,1
로그인 완성해주세요.,1
로그인 3시까지 완성해주세요.,1
로그인 기능 완성해주세요.,1
에러 생긴거 3시까지 수정해주세요.,1
에러 생겼으니 수정해주세요.,1
에러 확인해주세요.,1
에러 발생한거 수정해주세요.,1
코드 리팩토링 3시까지 해주세요.,1
코드 리팩토링 해주세요.,1
와이어프레임 작성해주세요.,1
와이어프레임 오늘까지 해주세요.,1
모듈 추가는 3시까지 해주세요.,1
모듈 추가해주세요.,1
프론트 담당해주세요.,1
백엔드 담당해주세요.,1
프론트 개선 작업 3시까지 해주세요.,1
프론트 미디어쿼리 개선해주세요.,1
프론트 개선 작업해주세요.,1
서버 속도 3시까지 개선해주세요.,1
서버 속도 개선 부탁드립니다.,1
일정 추가 기능 구현해주세요.,1
일정 추가 기능 구현 오늘까지 해주세요.,1
일정 추가 기능 오늘까지 할게요.,1
PPT 3시까지 마무리해주세요.,1
프론트 메인색상 정해서 3시까지 공유해주세요.,1
프론트 메인색상 정한거 공유해주세요.,1
주석처리 해주세요.,1
3시까지 깃 푸시해주세요.,1
깃 푸시해주세요.,1
깃 머지 해주세요.,1
깃 머지 3시까지 해주세요.,1
브랜치 3시까지 정리해주세요.,1
브랜치 정리 해주세요.,1
브랜치 3시까지 삭제해주세요.,1
브랜치 삭제 좀 부탁할께요.,1
3시까지 버전확인해주세요.,1
버전확인부탁드려요.,1
버전 확인 3시까지 해주세요.,1
실행확인 3시까지 확인해주세요.,1
3시까지 실행 확인 해주세요.,1
실행확인 해주세요.,1
3시까지 익셉션 수정해주세요.,1
3시까지 익셉션 확인해주세요.,1
널포인트 익셉션 확인이요.,1
익셉션 3시까지 확인하세요.,1
익셉션 확인해주세요.,1
3시까지 백업해주세요.,1
백업 3시까지 해주세요.,1
백업해주세요.,1
커밋 푸시 잊지말아주세요.,1
3시에 머지할테니 마무리한거 푸시해주세요.,1
머지하겠습니다.,1
오타 3시까지 수정하세요.,1
3시까지 오타수정해주세요.,1
오타 수정해주세요.,1
권한 3시까지 확인해주세요.,1
3시까지 권한 확인해주세요.,1
권한주세요.,1
3시까지 경로 확인해주세요.,1
경로 3시까지 확인해주세요.,1
경로 확인 부탁드립니다.,1
로그 3시까지 확인해주세요.,1
3시까지 로그 확인해주세요.,1
로그 확인하세요.,1
3시까지 변수 네이밍 수정해주세요.,1
변수 네이밍 3시까지 확인해주세요.,1
변수 네이밍 바꿔주세요.,1
충돌 해결해주세요.,1
3시까지 충돌 해결해주세요.,1
충돌 3시까지 해결해주세요.,1
충돌 확인해주세요.,1
컨플릭트 3시까지 확인해주세요.,1
3시까지 컨플릭트 확인해주세요.,1
컨플릭트 확인해주세요.,1
충돌해결 오전까지 해주세요.,1
3시까지 보고서 보내주세요.,1
아이디어 3시까지 공유해주세요.,1
기획 아이디어 보고서로 공유해주세요.,1
아이디어 준비해온거 말해주세요.,1
기획팀 기획안 오전까지 준비해주세요.,1
프로토타입 공유해주세요.,1
프로토타입 3시까지 완성해주세요.,1
프로필 페이지 3시까지 완성해주세요.,1
프로필 페이지 오늘까지 만들게요.,1
PPT 업로드 3시까지 해주세요.,1
PPT 업로드해주세요.,1
컨벤션 파일 공유 3시까지 해주세요.,1
컨벤션 정리해주세요.,1
3시까지 명세서 분석해서 보고서 보내주세요.,1
오전에 명세서 분석할게요.,1
오늘까지 베타테스트 마무리해주세요.,1
서비스 로직 3시까지 변경해주세요.,1
서비스 로직 변경해주세요.,1
데이터베이스 3시까지 구축해주세요.,1
데이터베이스 구축할게요.,1
서비스 로직 3시까지 완성해주세요.,1
서버 배포 3시까지 해주세요.,1
서버 배포 안됐으면 3시까지 해주세요.,1
비즈니스 제휴 제안을 위한 컨텐츠 샘플 리스트 작성 3시까지 해주세요.,1
비즈니스 제휴 제안을 위한 컨텐츠 샘플 리스트 작성해주세요.,1
제휴 업로드 방식 토의하겠습니다.,1
제휴 업로드 방식 3시까지 회의하겠습니다.,1
김대리 다음주 해외 출장 일정 오전까지 부탁해요.,1
김대리 다음주 해외 출장 일정 정리부탁해요.,1
해외 출장 숙소랑 차량 확인해서 3시까지 정리해서 보내줘요.,1
해외 출장 숙소랑 차량 확인 부탁해요.,1
"출장 일정 정리해서 3시까지 이메일로 보내주세요.,",1
일정 정리해서 이메일로 보고해주세요.,1
1시에 회의 있으니 그 전에 미리 예약해주세요.,1
1시에 부장님이 회의 소집하셨으니 회의실 예약 미리 해주세요.,1
1시 회의 팀원들에게 미리 공지해주세요.,1
팀원들에게 회의 공지 미리 해주세요.,1
신제품 테스트 결과 보고서 보내주세요.,1
신제품 테스트 결과 보고서 오후까지 올려주세요.,1
50주년 행사 준비 기획안 3시까지 보내주세요.,1
민수씨 50주년 행사 준비 기획서 올려주세요.,1
초청자 명단이랑 주소 확인된 내용 3시까지 보내주세요.,1
초청장 샘플 3시까지 이메일로 보내주세요.,1
초청장 샘플 오늘까지 확인가능한가요?,1
초청장 오늘 안에 발송해주세요.,1
진행팀 기획안 정리해서 오늘 3시까지 보내주세요.,1
진행팀 정리된 기획안 오늘 오후까지 가능한가요?,1
진행팀 실내 행사장 알아보고 정리해서 기획안 보내주세요.,1
안드로이드 앱 내 기능 개발 3시까지 해주세요.,1
공통 모듈 및 프레임워크 개발 3시까지 부탁드립니다.,1
테스트 자동화가 가능하도록 아키텍쳐 설계 및 개선해주세요.,1
보안 및 성능 개선 3시까지 해주세요.,1
안드로이드 에이피아이 개발 3시까지 해주세요.,1
제품설치 및 트러블슈팅 3시까지 확인해주세요.,1
실시간 대용량 API까지 대규모 추천시스템 구축 관련 보고서 3시까지 이메일로 보내주세요.,1
추천로그 분석 3시까지 해주세요.,1
추천서비스 연관기능 기계학습 모델링 오늘 안에 마무리해주세요.,1
고객/가맹점 프로파일 데이터 구성 3시까지 확인해주세요.,1
머신러닝 모델링 오늘 오전까지 해주세요.,1
로그 데이터를 분석 오늘 오전까지 해주세요.,1
김대리 로그 데이터 분석 모델링 오늘까지 해주세요.,1
매칭 알고리즘 수정해서 3시까지 완료해주세요.,1
브랜드 전략 기획안 3시까지 이메일 전송해주세요.,1
마케팅 보고서 3시까지 완성해서 보내주세요.,1
제품별 데이터 분석해서 오전까지 이메일로 보내주세요.,1
데이터 추출 3시까지 해주세요.,1
데이터 전처리 오전까지 하세요.,1
데이터 전처리 오전까지 가능하죠?,1
자산관리 데이터 분석 시스템 모델링 오전까지 마무리 작업해주세요.,1
다변량 분석해서 오전까지 보고서로 보내주세요.,1
이알피 시스템 분석 오전까지 마무리하세요.,1
도메인 이슈 파악해서 개선작업 마무리해주세요.,1
프로세스 분석 컨설팅 내용 정리해서 이메일로 보내주세요.,1
분석 시스템 개발 3시까지 완료해주세요.,1
그래픽 작업 오늘 오전까지 해주세요.,1
그래픽 작업 3시까지 마무리되죠?,1
인프라 구축 오전까지 해주세요.,1
인프라 구축하는거 3시까지 마무리하세요.,1
에스디케이 개발 1시까지 마무리하세요.,1
오후 있을 회의에서 개발 전략 이야기 할테니 준비하세요.,1
오후 회의에서 브랜딩 관련해서 자료 준비하세요.,1
테스팅 결과 보고서 이메일로 전송해주세요.,1
테스팅 결과 보고서 3시까지 완성해서 보내주세요.,1
장주임 오전에 보낸 보고서 수정해서 다시 보내줘.,1
오늘 회의에서 발표할 자료 미리 보내줘요.,1
오늘 기획안 발표 PPT 미리 보내요.,1
이미지 첨부할때 얼럿뜨는 문제 해결해서 알려줘요.,1
이번주 마케팅 주제 관련해서 컨텐츠 소재 정리해서 보고서로 올려주세요.,1
컨텐츠 소재 3시까지 정리해서 보내주세요.,1
오늘까지 동영상 강의 만드는 자료 준비해주세요.,1
장대리 결재서류 처리해줘요.,1
트러블 슈팅 3시까지 해결해주세요.,1
트러블 슈팅 수정 작업 오늘까지 되죠?,1
고객 명세 정리해서 오늘까지 보내주세요.,1
고객 명세 오늘까지 정리할 수 있죠?,1
시스템 자동화 오늘 2시까지 하세요.,1
마이크로 서비스 아키텍처 구성해서 보고서로 올리세요.,1
활동 지원 업무 보고서 오전까지 보내세요.,1
업무 보고서 3시까지 정리해서 이메일로 보내세요.,1
디자인 팀이랑 회의할 내용 2시까지 준비해서 알려줘요.,1
오늘 1시에 세미나 있으니 다들 참석하세요.,1
오늘 회의 발표안 준비된 거 확인하고 최종 수정해서 보내세요.,1
오늘 발표 PPT 정리해서 이메일로 전송해주세요.,1
데이터 파이프 라인 구축 오늘 2시까지 마무리해요.,1
웹 프론트 개선 작업 오늘 오전까지 마무리하세요.,1
기획팀이랑 협의해서 요구사항 분석하고 보고서로 올리세요.,1
대시보드 설계한거 오늘까지 정리가능하죠?,1
네트워크 보안 확인하고 설정 마무리해주세요.,1
오픈 소스 정리해서 보고서로 올리세요.,1
오픈 소스 분석한 자료 2시까지 보내주세요.,1
알고리즘 개선 작업해서 알려주세요.,1
쿼리 개선 2시까지 해주세요.,1
쿼리 개선 작업 오전까지 마무리 할 수 있죠?,1
기획 배경에서 커피 수요 증가는 빼도될듯 ,1
서비스가 정상적으로 작동하면 장땡,1
서비스 특징에서는 핵심 기능에서 키워드만 보여주고 설명하기,1
사용자들은 딱히 데이터를 어떻게 했고 궁금하지 않다 ,1
기술스택은 따로 설명할 필요는 없어보인다,1
기술을 따로 넣지말자 프로젝트에 대해서 좀더 설명하자,1
프로젝트에 대한 기술을 소개하기 보다는 서비스를 좀 더 잘 소개하는게 좋다,1
ppt에 자료가 너무 많다,1
그래프는 ppt 하나에 하나만 넣는게 좋을것 같다,1
기획배경 일반 개인 카페 예시를 직접 보여주면 좋다 ,1
키워드로 보여주는게 더 효과적 ,1
데이터전처리 빼기 유저들은 궁금해하지 않는다,1
텍스트보단 동적인 무언가를 보여주는게 좋다,1
컨셉과 방향성 정해야함,1
AR 컨셉으로 가는건 어떨까,1
키워드 분류 합시다,1
발표자 정해야 합니다.,1
오류 해결,1
버그문제,1
검색 결과 처리,1
페이지 그대로 할 것인가,1
모르는 사람이 홈페이지 들어갔을 때 무엇을 하는 홈페이지인지 잘 와닿지 않는다,1
이 부분을 좀 해결해야 할 것 같다,1
카페 추천하는 곳이다!! 뽷!! 이느낌,1
지금 보니 큰 폰트인게 일부러 그러신거 같기도 해요 ,1
테스트케이스,1
비밀번호 대소문자 포함?,1
사진 없어도 글 작성 가능?,1
팔로우 언팔로우 버튼 반대로 보여짐,1
리뷰 키워드 찾아보기,1
이미지 url 만들기,1
"프론트 follow, comment 구현",1
token 이슈 해결 안된 부분 수요일 오전 미팅때 같이 해결,1
설문 부분(문항은 일단 빼고 형식 만들어 두기),1
NLP 키워드 분석 ,1
키워드 추출,1
해시태그 추출,1
감정분석,1
디자인의 감성적인 부분이 더 필요,1
더미 이미지 교체,1
더미 사진을 여러 장 넣어두고 랜덤으로 보여주게 해야함,1
사람들이 홈페이지에 들어와서 어느정도 해볼 수 있또록 하게 해야 함,1
모바일 기반 서비스임을 알려줄 것,1
반응형 보여주기,1
서비스 기획 의도 명확하게,1
jira 남은 이슈,1
기획 단계는 어떤지,1
하고자 하는게 무엇인지,1
우리만의 서비스 차별점 강조할 것,1
시간 잘 맞춰 개발하기,1
데드라인 유의,1
시간이 촉박하다,1
생각보다 시간이 많이 모자라다,1
UI경우 전체 페이지의 통일성이 있어야 함,1
같은 서비스 플랫폼이라는 느낌이 들어야 함,1
금주 목요일까지 완료해주세요,1
차주 월요일날 중간발표 있습니다,1
차주 수요일 고객사 방문 일정 확인 후 공유해주세요,1
팀장님께 보고바랍니다,1
확정되면 팀에 공유해주세요,1
프론트와 백 연결하기,1
gitlab에서 default branch를 바꿀 수 있는데 참고바람,1
오전 중 마무리 후 디비 서버에 연결,1
포스트 ui 마무리,1
마이페이지 마무리,1
에자일스럽지 못하다,1
담당자 배분잘해서 설정하기,1
로컬 이미지 저장,1
api 이미지 이용하기,1
유저 이메일 프론트에서는 회원가입과 로그인 시 이메일 형식인지 확인하는 로직 필요,1
유저 이메일 백에서는 이메일 중복 혹은 잘못된 값 등 다른 에러 메시지 확인 필요,1
프론트팀 로그인과 회원가입 모달 구현,1
어제 피드백 반영,1
피드백 부탁드립니다,1
팀장 회의 안건,1
서버를 여러대 돌려도 된다,1
메인 기능을 먼저 완료하라,1
도커 서버 환경 설정,1
오늘까지 프론트와 백엔드 환경 설정 완료하기,1
뽑아낸 키워드를 그룹화하여 분류 후 보여주기,1
"폰트, theme 컬러 선정",1
메인 목록 기능,1
해당 영역 강조,1
스크롤 올릴때만 보이게,1
follow CRUD 백엔드 구현,1
menu CRUD 백엔드 구현,1
프로젝트 합쳐서 gitlab에 올리기,1
디비 수정 필요한 부분 정리하기,1
담당자 할당하기,1
서버 통신 틈틈히 확인하면서 오류 수정할 것,1
이번주 내로 서버 테스트 해보기,1
도커 디비 백 각각 해도 좋을 듯,1
워드크라우드 제공으로 유저 스스로 판단도 가능,1
ui/ux 로그인 회원가입 세부 디자인 수정 필요,1
로그인 회원가입 백엔드 구현,1
토큰의 구조 리프레시 토큰,1
회원정보 가지고 있을 때 세션과 로컬 스토리지 중 어디에 저장할 지,1
토큰 세션과 쿠키 중 어디에 저장할 지,1
장단점 찾아보고 고민해보기,1
각자 구글링해보기,1
관련 부서에 연락하기,1
소셜 로그인 기능 추가,1
서비스의 특성 고려해서 할 수도 있어요,1
버튼이 눌리지 않는데 눌리는 것으로 인식,1
무한루프 도는 것 확인 후 수정 필요,1
메뉴 있는 것만 뽑아서 따로 저장,1
서비스 목적 회의 필요,1
핵심서비스에 대한 한마디로 정의하기,1
스켈레톤 프로젝트 개인 작업 환경설정,1
생각하는 메인 기능이 무엇인지 확실이 정합시다,1
데이터 정제,1
와이어프레임,1
DB 설계,1
데이터 수정해서 올려주세요,1
내일 입찰있어서 부산 티켓 좀 알아봐주세요,1
시공끝나면 바로 보고해주세요,1
커밋 컨벤션 확인해주세요,1
견적서 작성하는거 진행해주세요,1
왼쪽 메뉴바 개발 진행해주세요,1
동영상 편집 완성본 공유해주세요,1
동영상 편집 완료되면 올려주세요,1
고객 정보는 암호화해서 저장해 주세요.,1
오늘 상담 있으신 분들 2층으로 와주세요,1
어떤 폰트 사용할지 정해서 공유해주세요,1
글자크기 조금 더 키워주세요,1
ucc 제작해주세요,1
팀평가는 오늘까지 완료해주세요,1
구글 차트 사용해서 프로젝트 완료해주세요,1
코드 백업 진행해주세요,1
전체삭제 기능 추가해주세요,1
일부 선택만 가능하게 진행해주세요,1
댓글 작성 기능 진행해주세요,1
버그 확인하고 수정부탁드립니다,1
카테고리 배너 제작 내일까지 완료하세요,1
회원 이미지 저장 이번주안으로 완성해주세요,1
디벨롭에 검색페이지 수정한거 MR 날린거 확인해주세요,1
오늘까지 톰캣 설치 완료해주세요,1
기존 백엔드 서버 올려주세요,1
BoardSearchList.vue 이어서 진행해주세요,1
axios 요청할때 resapi 공유문서 확인해주세요,1
타겟 고객 정확하게 설정해서 보고서 올려놔,1
응급수술이 있을 수 있으니 물품 준비해주세요,1
타 기업 마케팅 기획 분석해주세요,1
지정된 날짜에 제안서 작성해서 주세요,1
행사 날짜에 맞춰서 셋팅해 주세요,1
제안서 올려주세요,1
제안서 공유해주세요,1
행사 날짜에 맞춰서 셋팅 완료해주세요,1
최종보고서 수정해서 올려주세요,1
최종보고서 공유해주세요,1
네이버 연동쿠폰 제외 부탁드려요,1
네이버 연동쿠폰 제외해서 진행해주세요,1
가격비교 신청제외 해서 행사 진행해주세요,1
가격비교 신청 제외해서 행사 진행 부탁드립니다,1
외근있으신 분들 카톡에 보고해주세요,1
업체 추석연휴로 인한 배송업무 불가 지정해주세요,1
지원 사업 관심 있으신 분은 카톡으로 지금 연락주세요,1
업체 추석연휴로 인한 cs 업무 불가 지정해주세요,1
유료배송 반품 배송지 알려주세요,1
네이버 연동 쿠폰은 제외하고 네이버 노출 가능한지 보고해주세요,1
택배사 주문배송료 확인해서 공유해주세요,1
택배사 주문배송료 확인해서 보고해주세요,1
유료배송 반품 배송지 공유해주세요,1
유료배송 반품 배송지 보고해주세요,1
택배사 주문배송료 확인해서 알려주세요,1
지원 사업 관심 있으신 분은 쪽지로 알려주세요,1
상품관련 업무는 판매자 고객센터로 문의해주세요,1
행사 날짜에 맞춰서 셋팅 완료 후 보고해주세요,1
보고서 출력해서 올려주세요,1
보고서 출력해서 자리에 놔주세요,1
정과장이랑 전화해서 제품 가져가주세요,1
정과장이랑 전화해서 제품 가져가서 미팅 진행해주세요,1
상품 샘플 업체에 보내주세요,1
상품 샘플 업체에 보내주고 피드백 보내주세요,1
관련 행사 제안서 공유해주세요,1
관련 행사 제안서 올려주세요,1
디자인 수정 부탁드립니다,1
해당 상품 인증기관에 맡겨주세요,1
해당 상품 인증기관에 보내주세요,1
컬러만 다른 경우는 파생을 신청하지 말아주세요,1
셋팅은 행사 날짜에 맞춰서 진행 부탁드립니다.,1
업체 발주서 서버에 업로드해주세요,1
업체 발주서 서버에 올려주세요,1
업체 발주서 공유해주세요,1
관련 제품 주문해서 준비해,1
행사 진행하다가 재고 부족하면 주문해주세요,1
행사 진행하다가 재고 부족하면 공유해주세요,1
전 코드랑 다른 부분 확인해서 공유해주세요,1
strong말고 다른 클래스로 바꿔주세요,1
코로나 확진자 떨어지면 다음달에 업체 미팅 진행하겠습니다.,1
불필요한 텍스트 쉐도우 걸린거 확인해서 수정해주세요,1
버전 동일하게 맞춰서 프로젝트 진행하세요,1
특가 참여조건이 무료배송인데 행사 진행하는 것이 맞는지 확인후 보고해주세요,1
현재 페이지 외 다른 페이지 먼저 프론트 개발 진행하세요,1
네이버 client-id 공유해주세요,1
김부장님한테 전화해서 정확하게 확인하고 나한테 보고해,1
김과장님 세금계산서 발행해주세요,1
세일행사 10일까지 진행해주세요,1
대중교통과의 연계성 생각해서 트램 경로 보고서 작성해주세요,1
무대 설치 작업 언제까지 마무리 가능한지 말해주세요,1
연말정산해서 공유해주세요,1
지출결의서 작성해서 올려주세요,1
우희씨 내일까지 팀장님께 보고서 제출 해야해,1
그럼 이번 명세서 작성은 효진씨가 해줘,1
내일까지 명세서 완료 하자구,1
다음주 발표 자료 내가 준비할게,1
오늘 9시까지는 김대리한테 메일 보내놔,1
사장님 면담 자료 정리해서 내일까지 메터모스트에 올려놔,1
그럼 저희팀이 저번 메인 페이지 개발 이어서 진행하겠습니다,1
영업팀이 홍보자료 배포해,1
다섯시에 다음 회의 진행하겠습니다,1
고객 정보 관리 시스템 관련해서 내일까지 보고드리겠습니다,1
법무팀 관련해서 서류 정리 해놓겠습니다,1
회의록은 저희쪽에서 관리하겠습니다,1
네 그럼 일곱시까지 올려놓겠습니다,1
사진 자료 배포 좀 해주고,1
영상 제작 완료하면 나한테 보고해,1
이모티콘 만든 거 오늘까지 디자인팀에 넘겨,1
결재 서류 승인 받아서 부장님께 보고해,1
여덟시에 일괄 승인 하겠습니다,1
접수처에 제가 문의해보겠습니다,1
그럼 저희팀에서 일괄 제작하겠습니다,1
페이지 관리는 준형씨가 전담하시고.,1
그럼 4시까지 제가 보고드리겠습니다,1
페이지 구현은 제가 맡겠습니다,1
관리 시스템 점검 맡아주십시오.,1
화면상에서 생기는 에러 좀 수정 부탁해.,1
리포트 들어온거 전부 취합 좀 해줘,1
문의 들어온 거 정리되면 나한테 알려줘,1
소비자 취향 분석 보고서 바로 보내,1
타겟층 분석해서 열시까지 보내놔.,1
전체 영상 분석은 생산팀에서 진행해.,1
그래픽 시연 작업 좀 맡아주고.,1
데이터 분석 된거 자료 만들어주시고,1
행사 식순 알림 줘.,1
배경음악 리스트 생성 좀 해주세요.,1
경비팀한테 이상 보고 있는지좀 물어봐놔.,1
관련 논문 다 찾아놔.,1
생산라인 하고 컨택 되는대로 나한테 연락해.,1
부장님이 저번에 특허권 찾아놓라는거 내일까지 보고드려.,1
바이러스 문제 보름내로 해결해야한다.,1
한달 내로 업무 현황 보고 주세요.,1
어플리케이션 명세서 내일까진 협의하자.,1
개발 연동 부분 자정까지 마감해야해,1
전산팀 점검 시간전까지 분석해야합니다.,1
업체랑 계약되는대로 진행시켜주세요.,1
완료 여부에 상관 없이 진행 상황 매일 보고 주세요.,1
분량은 임의로 설정해서 저장해두세요.,1
문서 작업 시간을 오전내로 완료 해주세요.,1
웹 쪽 문제는 개발팀에 보고 드리세요.,1
장비 고장난거 기기 관리실에 문의 부탁드릴게요.,1
고객사랑 다음주까지 미팅 한 번 더 잡아야 할것 같습니다.,1
"우희씨가 맡으셨던 테스트 부분, 한 번 더 진행해주세요.",1
우승님이 사장님 지시사항 팀에 전달해주세요,1
다음 명세 사항 분석을 기훈이가 해놓고.,1
다음 미팅엔 요구사항 서류 작성해서 제출해놔.,1
그럼 자료 작성은 제가 하겠습니다.,1
사내 메일로 따로 보고서 제출 좀 부탁할게요.,1
협의사항 정리해서 등록해줘.,1
작년 프로젝트 했던 부분 찾아서 보고드리겠습니다.,1
영업팀이 마케팅 분석 진행해 주세요.,1
저희 다음 미팅 여섯시에 할게요.,1
사내 전산망 시스템 점검 4시까지 완료 부탁드릴게요.,1
개발팀도 서류 작성해서 보고주세요.,1
회의록 작성 부탁할게요.,1
9시까지는 완료 해 놓겠습니다.,1
사진 있는대로 전부 보내주세요.,1
영상처리 되면 클라우드에 올려놔.,1
빨간 색으로 표시해 주세요.,1
페이지 오른쪽 상단 메뉴바 수정 부탁드리겠습니다.,1
좌측 업무 표시 추가해주세요,1
영업팀장님한테 회의 몇시에 가능한지 좀 여쭤봐줘.,1
초기 화면 디자인 전체적으로 다 손봐줘.,1
고객 데이터는 분리해서 처리해줘.,1
김팀장하고 9시까지 고객사 방문해서 문의 넣어놔.,1
상품 기획팀하고 같이 진행하겠습니다.,1
매니저한테 상품 재고 문의해놔.,1
발견된 에러들 표시해놔.,1
통합본 좀 김대리가 보내줘.,1
삭제 시키고 새로 설치해줘.,1
다시 편집해서 제출해주시고.,1
열한시에 다시 가동시켜.,1
클라우드에 업로드한 파일들 암호화 확인 부탁합니다.,1
운영체제 문제는 박팀장네에서 진행해주시고.,1
데이터 자료 전부 다 일단 보내주세요.,1
아직 안된 부분은 임효진님한테 말씀드려.,1
에러 사항 체크해서 보고 부탁드립니다.,1
장비 필요한 거 구매 리스트에 작성하고.,1
관련 연구는 개발팀한테 자료 받아와.,1
세시에 전체 소집 있습니다.,1
중요한 업무는 굵게 표시해주세요.,1
서버 관리실에 언제까지 고칠수 있는지 물어보고.,1
검토해서 해당사항 고지해 주세요.,1
앱 이용자 분석 사항 12시까지 부탁해.,1
하단에 이름 작성해서 제출 부탁드립니다.,1
대각선으로 표시해서 주셔야합니다.,1
고객 정보는 암호화해서 저장해 주세요.,1
일대일로 맡아서 상담해 진행해 주세요.,1
네시간 이내로 전부 완료해주세요.,1
전담해서 내일까지 완료해 주세요.,1
유저 정보는 제한적으로 표시해 주세요.,1
수정사항 로그에 남겨주세요.,1
정렬 기능 추가해 주세요.,1
검색 기능 빼주세요.,1
좌측 업무 표시 추가해주세요,1
왼쪽에서 오른쪽으로 표시되게 해주세요.,1
왼쪽 정렬로 만들어 주세요.,1
중앙 정렬로 맞춰주세요.,1
상단 두번째 메뉴에 추가 부탁드립니다.,1
세번째 줄에 오타 수정해주세요.,1
백이십번째 코드 삭제해주세요.,1
코드 주석 5시까지 추가해서 제출해주세요.,1
공유한 파일들 확인해서 이상없는지 확인해주세요.,1
텍스트는 굵게 표시해주세요.,1
필터 기능 추가 작업 내일까지 완료해주세요.,1
채팅 기능을 따로 빼서 작업 해주세요.,1
멀티캠퍼스로 두시까지 모여주세요.,1
역삼역에 다섯시에 집합할게요.,1
폰트 스타일 일관되게 맞춰주세요.,1
비싼 순으로 정렬되게 바꿔주세요.,1
그림을 더 작게 표시해 주세요.,1
글자 크기 더 키워주시고.,1
이전 스타일로 다시 바꿔주세요.,1
이름은 고정해서 표시해 주세요.,1
그래프로 만들어서 상단에 넣어주세요.,1
설명을 밑에다가 넣으시면 될것 같습니다.,1
확인 표시를 같이 표기해서 만들어주세요.,1
예산 합을 문서에 같이 넣어서 줘.,1
합이랑 평균 같이 주고.,1
저장된 값만 가져다가 보여주는 식으로 진행해주세요.,1
판매량 순으로 나열하겠습니다.,1
선호도 분석을 우선 해주세요.,1
계산 기능도 같이 넣어서 개발하겠습니다.,1
인증키 발급 받아서 보내주세요.,1
회원 관리 기능 담당하겠습니다.,1
인증서는 따로 보내주세요.,1
원형 그래프로 작성해서 보내주세요.,1
제작 비용은 회사 비용으로 청구해서 보내주세요.,1
모델 제작 담당해주세요.,1
모델링은 다음주까지 완료해주셔야합니다.,1
종철님 복사 좀 부탁할게요,1
박종철씨 인쇄해서 배포해주세요,1
컨설턴트님께 먼저 보고 드려,1
이거는 프로님께 제출해,1
이번 달 말까지 시연 완료해주세요,1
맞춤형 데이터로 필터해 주세요,1
동물 모형으로 테스트 해보고 알려줘,1
한시까지는 평가 진행해주세요,1
네시까지 피드백 주세요,1
멘토링 주신 사항들 따로 회의록에 올려주시고,1
차원별로 데이터 잘라서 보내주세요,1
데이터 어디로 보내지는지 다 봐주세요,1
도형별로 분류하는 법 좀 알아봐주세요,1
연결된 파일들 위주로 검색해서 알려주세요,1
다음 주말까지는 저한테 메일 주셔야해요,1
네시간 후에 다시 메일 줘,1
엠피쓰리 파일로 다시 보내,1
파일 크기 맞춰서 저장해줘,1
가려지는 부분은 다 삭제해,1
편집 프로그램 사용해서 초안 만들자,1
오늘도 다섯시까지 제출 부탁해,1
통계자료 모아서 전부 줘,1
주석을 사이에 전부 넣어줘,1
시간순으로 표기시켜줘,1
사용 툴도 같이 표기해놓자,1
하루 단위로 데이터 끊어서 저장해줘,1
아이디어 10시까지 각자 남겨놓자,1
실험 결과 나오는대로 나한테 메시지 남겨,1
파싱해서 처리해줘,1
상권 데이터 에이피아이 적용좀 해줘,1
데이터 길이를 열다섯자로 제한해줘,1
파일 경로를 다 기본 경로로 지정해서 줘,1
요청한 양식 다 채워서 여섯시까지 제출바랍니다,1
계획서는 늦어도 두시까지는 저한테 보내주세요,1
전화오면 바로 나한테 카톡해줘,1
내가 저번에 설계도 요청한거 오늘까지 보내줘,1
부가 정보 입력란은 비워서 내일까지 내주세요,1
구매 요청서 다음주까지 팩스로 보내놓으세요,1
샘플 데이터 이백개씩 토요일까지 모아줘,1
그나마 괜찮은 이미지라도 모아서 저장해,1
이미지 합성 실패되면 박부장님한테 연락주세요,1
수치가 많이 나온 대로 보여주세요,1
파일이 크니까 이메일로 압축해서 보내주세요,1
공유 폴더에 같이 저장해 놓겠습니다,1
논리적으로 참인 값만 남겨주세요,1
구분선을 표기해서 주세요,1
파일 양식을 제이피지로 통일할게요,1
계산 전부 해서 보내주세요,1
팝업 형식으로 이 페이지는 구성해 주세요,1
작년도 자료 복사해서 그대로 넣어주세요,1
작년 대비 오퍼센트 이상 오른 값만 올릴게요,1
에스엔에스 연결 부분은 제가 맡을게요,1
로그인 페이지 구현 맡아주세요,1
회원가입까지 같이 맡아주세요,1
바이어 미팅은 유재석씨가 진행해주세요,1
외국 투자자 유치 건 내일까지 보고좀 해줘요,1
유씨씨 제작은 오우승님이 맡아주세요,1
클라이언트 서버 관리자한테 문의좀 넣어주세요,1
버튼별로 색깔 다르게 생성해서 다시 보내주세요,1
환불 요청 들어오면 즉각 처리해서 알려주세요,1
경도랑 위도 데이터 따로 주세요,1
와이어프레임 마지막 페이지는 제가 만들도록 할게요,1
안녕,0
나도 그렇긴해,0
꼭 나눠야하나 싶긴한데,0
난 왜안보이지,0
나 근데 디자인은 이제 그만하고싶긴해,0
풀스택 3 으로간다,0
너 암것도 안하자나,0
난 그렇게 알고있어,0
빨리하구 쉬어야지,0
나 이거쓸라고 캡쳐해두었어,0
친구들있으면 일단 데리고와,0
애초에 팀 만들때 빠질 것 같아요,0
걍 데리고 오지 말자,0
다들 프론트보단 백하고 싶어합니다,0
이렇게 팀 구성이 되었습니다,0
혹시 팀장하고싶냐고 물어봐,0
쿨쿨 자는거야,0
부지런한 언니오빠덜 맛점해요,0
일단 밥을 먹어,0
고생했어요,0
기프티콘 결재라는걸 해봐야겠어,0
다들 내가 더 잘할게,0
그래서 명단에 없는거지,0
그럼 밥먹고 물어볼게,0
모두들 잘부탁드려요,0
살아있나 확인좀하구올겡,0
월욜부터 화이팅해봐요,0
즐거운 주말 되세요,0
팀장하고싶은 분 계신가요,0
나도 모르면 물어볼게,0
오후 미팅은 없습니다,0
다시 해봐야합니다,0
그냥 연습하고 끝입니다,0
난 집에서 무조건 안경씁니다,0
오늘의 일정은 어떻게 되나요,0
팀적으로 할건 없는것 같습니다,0
지금은 점심시간입니다,0
교수님한테 물어보시죠,0
나도 몇일전부터 앱 깔았잖아,0
브랜드 데이터 어떤게 있을라나,0
용량때문에 안돌아가지,0
소리가 잘 안들립니다,0
다운로드 안받은 사람,0
미팅 까먹지 마세요,0
인터넷이 이상합니다,0
쉬다가 미팅갑시다,0
오늘도 고생많았습니다,0
데이터를 못구하겠습니다,0
역시 쉬어야 아이디어가 잘나오네요,0
회의는 개인적인 사정으로 불참합니다,0
정확하게 알고있네요,0
마이크는 어떻게 키나요,0
처음 사용해봅니다,0
아무 문제 없었는데,0
완벽한 팀플레이입니다,0
뭔가 나왔는데 왜나왓는지 모르겠다,0
좋아요,0
괜찮을 것 같습니다,0
충분합니다,0
택배보내러 출발합니다,0
얼떨결에 찾았습니다,0
한명씩 안들어오는 이유가 뭘까,0
발표할 필요는 없을 듯 합니다,0
매우 불쌍합니다,0
코치님이 물어보십니다,0
되게 깔끔하네,0
대신 말 좀 해주세요,0
심각하게 놀래시더라구요,0
스타일이 조금 그래요,0
다른 팀은 어떤가요,0
딱히 흥미가 없네요,0
정하기가 어렵습니다,0
매우 놀랍습니다,0
몰라서 다행입니다,0
렉이 엄청 걸립니다,0
다시 들어오겠습니다,0
내일부터 하자,0
필요한게 있나요,0
오늘 한 건 했습니다,0
칭찬해주세요,0
힐링타임입니다,0
언제쯤 진행할까요,0
알겠습니다,0
다시 한 번 말해주세요,0
최고입니다,0
다시한번 물어보고 오겠습니다,0
힘냅시다 파이팅,0
저도 사실 잘 모르겠습니다,0
기달려야합니다,0
 편하게 들을게요,0
모델만들때 어느정도의 데이터셋을 필요로 하나요,0
돈 주고 삽니다,0
꿀팁인것 같아요,0
와이어프레임 좀 더 생각해보면될거같아요,0
준비 열심히 합시다,0
간소화하는 방법이 없을까요,0
이름만 알려주세요,0
30분내로 끝내야합니다,0
글자를 줄여야합니다,0
별로 중요하지 않습니다,0
커피는 나중에 사겠습니다,0
기프티콘 보내주시죠,0
저 개인주의 아닙니다,0
베스트 팀 될 것 같습니다,0
뼈 맞았습니다,0
우리 팀 이름 바꿔야 할 것 같습니다,0
세대차이가 생깁니다,0
열심히 살겠습니다,0
추억에 빠졌습니다,0
그래도 보고싶습니다,0
파악이 빠르시네요,0
조금 추워서 입었어요,0
늦을것 같습니다,0
인사만 해야겠어요,0
집중해서 끝냅시다,0
리듬을 탑시다,0
대신 말 좀 해주세요,0
대신 들어왔습니다,0
캡쳐는 하지마라,0
긍정적이시네,0
사회생활을 너무 열심히 했네,0
웃기지 마세요,0
솔직하게 말하세요,0
나 말하면 전체 다 보이나요,0
부드럽게 말하세요,0
화해하자,0
이미 저장해놨어요,0
모델 쪽 고민이 많습니다,0
입을 막아버려요,0
당근을 흔드세요,0
지켜보겠습니다,0
멘탈이 다들 나갔어요,0
이렇게 하는건 어떤가요,0
컨설턴트님 노래 부르는거 보신분,0
귀신같네요,0
무슨 얘기했는지 모르겠어,0
자도자도 졸리네요,0
엄청나게 게을러졌습니다,0
감사합니다,0
특강이 있어서 회의 없습니다,0
무었을 했나요,0
무엇을 할껀가요,0
시간낭비 하지마세요,0
애매하네요,0
필요없는 기능같은데,0
대충하는게 편한가,0
하게 되면 이쁜게 좋은데,0
요즘 너무 바쁘네요,0
팀원 괴롭히지 마세요,0
바꿔줄 수 있을까요,0
뒷담화는 금지입니다,0
밤에는 술집이됩니다,0
낮에는 카페가됩니다,0
같이 수료합시다,0
세시까지 완료하긴 힘들 것 같습니다,0
오분 휴식 후 진행하겠습니다,0
주식 좀 올랐냐?,0
어제 축구재밌더라,0
퇴근하고 회식하자,0
회의 빨리끝내고 할일하자고,0
나는 아메리카노,0
다음주 미팅은 누구랑 다녀오지?,0
오늘 너무 덥더라.,0
연휴 때 출근 해야할거 같다,0
오늘도 파이팅 하자고.,0
어제 하던 얘기 마저 하자.,0
우리 다음 미팅 언제지?,0
우희씨 할일 다했어?,0
김우희 사원 회의 늦지 마,0
잠깐 화장실좀 다녀오겠습니다,0
어제 보고 올린거 다 된거야?,0
오늘은 10분안에 회의 끝낼게요,0
마지막으로 당부 말씀드립니다,0
사원간에 인사 잘 부탁드립니다,0
규정상 이번주는 휴가 어렵습니다,0
휴가 잘 다녀왔어?,0
오늘은 좀 늦게까지 작업 해야할거같아,0
다음 페이지는 스킵해,0
중간 모델은 내가 하는게 나을거 같은데,0
한 11시에 할까?,0
휴가가 많이 짧았던거 같아,0
제가 알기론 안그러기로 한것 같습니다,0
아직 마감 전입니다,0
테스트 한게 잘 안되더라고,0
다들 좀만 더 고생하자고,0
저번 발표 좋았어,0
내일 회의 없습니다,0
택시비는 내줘야지,0
저번보다 더 일찍 마무리 했으면 좋겠어,0
네시까진 힘들지 싶네요,0
오분 쉬었다 합시다,0
요새 주식 어때?,0
어제 야구 봤어?,0
회식 있는거 알지?,0
빠르게 회의 하고 업무에 집중하자고.,0
커피 아이스로 부탁해,0
이번 프로젝트 담당자 누구야?,0
날이 꽤 쌀쌀하네요,0
이번에 휴가 길더라고.,0
좋은하루 됩시다.,0
일단 하던 이야기 마저 하자면.,0
다음 회의 일정 언제더라.,0
효진씨 마감 시켰어?,0
김프로 일찍 좀 다니지.,0
잠깐 휴회하고 진행하겠습니다,0
이번건 승인 받았지?,0
간단하게 몇 개만 공지하겠습니다,0
하나 더 말씀드리자면,0
존중해야지 우리도.,0
다른 부서로 발령 갈 수도 있겠다,0
잘 쉬다 오셨습니까들,0
오늘은 미안하지만 야근을 조금 해야할 듯 싶네,0
일단 넘어가겠습니다,0
효진님이 맡아주시겠어요?,0
대충 12시 즘 하면 되지 않을까요?,0
시간 금방 간다,0
제 생각엔 아니지 싶습니다,0
마감까지 아직 시간이 있습니다,0
잘 되면 좋겠다,0
화이팅들 하자고요,0
이번 내용 나쁘지 않던데?,0
일단 오후회의는 없습니다,0
퇴근 언제하게?,0
오늘은 빨리 끝내주세요,0
충분히 가능할 것 같습니다,0
휴식 없이 진행할게요,0
이번에 대박났더라고,0
이번에 우승하겠던데?,0
회식 없이 바로 퇴근하자,0
오늘은 좀 길어질 예정이야,0
커피 주문 받겠습니다,0
일단 혼자 다녀올까?,0
이랬다 저랬다 그렇네,0
푹 쉬고 봅시다,0
고생 좀 해야할 것 같아,0
잠을 좀 설쳤네,0
각자 잘하는거 하면 좋지,0
미안하긴 한데,0
의견이 다를수 있지,0
모기가 많더라,0
긴 시간 고생 많았습니다,0
내가 잘 모르는 부분이라서,0
잘 모르면 물어봐요,0
모르겠으면 검색해봐,0
만장일치로 정해졌습니다,0
투표로 정할까요?,0
투표로 정하겠습니다,0
빨리빨리 좀 다녀,0
식사 맛있더라고,0
얼마나 알고 있을까,0
그렇다고 찾아가진 말고,0
이거만 하고 바로 퇴근하자,0
회사에 갇힌 기분이야,0
이름으로 불러,0
월급날이네,0
이번 프로젝트는 빠지고 싶다,0
한 명 뽑을까요?,0
새로 시작하는게 나을 거 같은데,0
난 상관없어,0
그거 나야,0
어디 보자,0
잘 생각이 안나,0
아무리 생각해도 잘,0
돌아가면서 할까,0
신입한테 맡기지 마,0
책임감 가지고 합시다,0
그렇게 어렵지 않을거야,0
생각보다 어려울 수 있어,0
아침에 지하철 고장나서,0
왜 늦었어,0
휑하네,0
갑자기 배가 아파서,0
쌀쌀하네 요즘,0
은근 춥더라고,0
일을 하겠다는거야,0
긴장하지 말고,0
긴장할 필요 없어,0
잘 만들었다,0
준비 잘 했네,0
계산 해봤어?,0
보통은 그렇더라,0
세시라고 했나?,0
연습으로 해보면 좋을텐데,0
부장님한테 끌려갔어요,0
부담감을 이겨내야지,0
망했어요,0
괜찮았어요,0
힘내서 잘 마무리하자고,0
쉽지 않겠지만,0
개발자가 쉽지않지,0
내 생각하곤 반대네,0
나랑 같은 생각이야,0
잠깐만 있어봐,0
디자인 이쁜데?,0
의외로 어렵더라,0
너가 결정해,0
인터넷에 다 나와있어,0
구글 짱이지,0
답답하다,0
그 정도는 할 수 있지,0
재밌다 이거,0
왜 그러시죠,0
고민이 된다,0
고민 되겠다,0
바로 시작하시죠,0
잘 안되는거 같은데,0
프로젝트 아직 다 못했어,0
아직도 진행중이긴 합니다,0
우리만 잘하면 되겠다,0
되는대로 하면 될거같아,0
보면 모르겠나,0
머리 아프다,0
머리 아프네 생각보다,0
이렇게 하는거 맞아요?,0
잘못했구나,0
그럼 그렇게 하고 넘어가자,0
왠지 그게 맞을것 같아,0
기발한데?,0
세번째로 할까,0
처음으로 하는게 나을듯?,0
레츠고우,0
출발해봅시다,0
요즘엔 그렇다던데,0
하고 싶지 않아요,0
한번만 더 해보자,0
오케이 좋았어,0
괜찮으련가 모르겠네,0
왜 안되는거야 도대체,0
한두번도 아니고,0
저게 된다고?,0
조금만 참아봐,0
다왔다 정말,0
이거 하루만에 가능한건가 모르겠네,0
급하게 하다보니까 그렇게 됐어,0
며칠 즘에 완성할거야,0
보니까 알것 같아,0
희한하게 잘 했네,0
제가 데리러 갈까요?,0
오래 기다렸어?,0
이번 거 중요해,0
확인해 줄 수 있어?,0
와 대박인데 진짜,0
성공했구만 ,0
아 뭐지,0
시끄러워서 잘 안되는건가,0
한 번에 될 리가 없지,0
그래도 너가 하는게 낫지,0
차이점이 뭐지?,0
나 혼자 이걸 다 할 수 있을까,0
갑자기 이거 왜 이래,0
다 똑같은 거 하는건가,0
너 이런 거 잘하더라,0
너 알 거 같은데?,0
일단 가볼게요,0
?좋은 아침.,0
안녕하세요.,0
좋은 아침.,0
반갑습니다.,0
좋은 아침.,0
좋은 아침이에요.,0
좋은 아침.,0
간밤에 별일 없으셨죠?,0
좋은 아침.,0
안녕하시렵니까?,0
좋은 아침.,0
안녕하세요!,0
좋은 아침.,0
안녕하세요?,0
굿 모닝.,0
안녕하세요.,0
굿 모닝.,0
반갑습니다.,0
굿 모닝.,0
좋은 아침이에요.,0
굿 모닝.,0
간밤에 별일 없으셨죠?,0
굿 모닝.,0
안녕하시렵니까?,0
굿 모닝.,0
안녕하세요!,0
굿 모닝.,0
안녕하세요?,0
안녕.,0
안녕하세요.,0
안녕.,0
반갑습니다.,0
안녕.,0
좋은 아침이에요.,0
안녕.,0
간밤에 별일 없으셨죠?,0
안녕.,0
안녕하시렵니까?,0
안녕.,0
안녕하세요!,0
안녕.,0
안녕하세요?,0
안녕 컴패니언.,0
안녕하세요.,0
안녕 컴패니언.,0
반갑습니다.,0
안녕 컴패니언.,0
좋은 아침이에요.,0
안녕 컴패니언.,0
간밤에 별일 없으셨죠?,0
안녕 컴패니언.,0
안녕하시렵니까?,0
안녕 컴패니언.,0
안녕하세요!,0
안녕 컴패니언.,0
안녕하세요?,0
고마워.,0
천만에요.,0
고맙다.,0
천만에요.,0
"고마워, 덕분에.",0
천만에요.,0
고마워.,0
아니에요.,0
고맙다.,0
아니에요.,0
"고마워, 덕분에.",0
아니에요.,0
고마워.,0
별 말씀을요.,0
고맙다.,0
별 말씀을요.,0
"고마워, 덕분에.",0
별 말씀을요.,0
"그래, 고마워.",0
천만에요.,0
"그래, 고마워.",0
별 말씀을요.,0
"그래, 고마워.",0
아니에요.,0
"응, 고맙다.",0
천만에요.,0
"응, 고맙다.",0
별 말씀을요.,0
"응, 고맙다.",0
아니에요.,0
"그래, 오늘은 쉬었다가 해야겠다.",0
기운 내세요.,0
"그래, 오늘은 쉬었다가 해야겠다.",0
남은 시간도 힘내서 마무리 하세요.,0
"그래, 오늘은 쉬었다가 해야겠다.",0
"네, 쉬었다가 하세요.",0
"그래, 오늘은 쉬었다가 해야겠다.",0
"얼마 안남았어요, 힘내세요.",0
"그래, 오늘은 쉬었다가 해야겠다.",0
좋은 생각이에요.,0
"그래, 오늘은 쉬었다가 해야겠다.",0
좋은 생각입니다.,0
그래야겠어.,0
기운 내세요.,0
그래야겠어.,0
남은 시간도 힘내서 마무리 하세요.,0
그래야겠어.,0
"네, 쉬었다가 하세요.",0
그래야겠어.,0
"얼마 안남았어요, 힘내세요.",0
그래야겠어.,0
좋은 생각이에요.,0
그래야겠어.,0
좋은 생각입니다.,0
그래야겠다.,0
기운 내세요.,0
그래야겠다.,0
남은 시간도 힘내서 마무리 하세요.,0
그래야겠다.,0
"네, 쉬었다가 하세요.",0
그래야겠다.,0
"얼마 안남았어요, 힘내세요.",0
그래야겠다.,0
좋은 생각이에요.,0
그래야겠다.,0
좋은 생각입니다.,0
그래야지.,0
기운 내세요.,0
그래야지.,0
남은 시간도 힘내서 마무리 하세요.,0
그래야지.,0
"네, 쉬었다가 하세요.",0
그래야지.,0
"얼마 안남았어요, 힘내세요.",0
그래야지.,0
좋은 생각이에요.,0
그래야지.,0
좋은 생각입니다.,0
"응, 그럴게.",0
기운 내세요.,0
"응, 그럴게.",0
남은 시간도 힘내서 마무리 하세요.,0
"응, 그럴게.",0
"네, 쉬었다가 하세요.",0
"응, 그럴게.",0
"얼마 안남았어요, 힘내세요.",0
"응, 그럴게.",0
좋은 생각이에요.,0
"응, 그럴게.",0
좋은 생각입니다.,0
"응, 그래야겠다.",0
기운 내세요.,0
"응, 그래야겠다.",0
남은 시간도 힘내서 마무리 하세요.,0
"응, 그래야겠다.",0
"네, 쉬었다가 하세요.",0
"응, 그래야겠다.",0
"얼마 안남았어요, 힘내세요.",0
"응, 그래야겠다.",0
좋은 생각이에요.,0
"응, 그래야겠다.",0
좋은 생각입니다.,0
"응, 그게 낫겠다.",0
기운 내세요.,0
"응, 그게 낫겠다.",0
남은 시간도 힘내서 마무리 하세요.,0
"응, 그게 낫겠다.",0
"네, 쉬었다가 하세요.",0
"응, 그게 낫겠다.",0
"얼마 안남았어요, 힘내세요.",0
"응, 그게 낫겠다.",0
좋은 생각이에요.,0
"응, 그게 낫겠다.",0
좋은 생각입니다.,0
"그래, 그게 낫겠어.",0
기운 내세요.,0
"그래, 그게 낫겠어.",0
남은 시간도 힘내서 마무리 하세요.,0
"그래, 그게 낫겠어.",0
"네, 쉬었다가 하세요.",0
"그래, 그게 낫겠어.",0
"얼마 안남았어요, 힘내세요.",0
"그래, 그게 낫겠어.",0
좋은 생각이에요.,0
"그래, 그게 낫겠어.",0
좋은 생각입니다.,0
"응, 그게 나을 것 같아.",0
기운 내세요.,0
"응, 그게 나을 것 같아.",0
남은 시간도 힘내서 마무리 하세요.,0
"응, 그게 나을 것 같아.",0
"네, 쉬었다가 하세요.",0
"응, 그게 나을 것 같아.",0
"얼마 안남았어요, 힘내세요.",0
"응, 그게 나을 것 같아.",0
좋은 생각이에요.,0
"응, 그게 나을 것 같아.",0
좋은 생각입니다.,0
"응, 오늘은 좀 쉬었다가 해야겠어.",0
기운 내세요.,0
"응, 오늘은 좀 쉬었다가 해야겠어.",0
남은 시간도 힘내서 마무리 하세요.,0
"응, 오늘은 좀 쉬었다가 해야겠어.",0
"네, 쉬었다가 하세요.",0
"응, 오늘은 좀 쉬었다가 해야겠어.",0
"얼마 안남았어요, 힘내세요.",0
"응, 오늘은 좀 쉬었다가 해야겠어.",0
좋은 생각이에요.,0
"응, 오늘은 좀 쉬었다가 해야겠어.",0
좋은 생각입니다.,0
"응, 좀 쉬었다가 할게.",0
기운 내세요.,0
"응, 좀 쉬었다가 할게.",0
남은 시간도 힘내서 마무리 하세요.,0
"응, 좀 쉬었다가 할게.",0
"네, 쉬었다가 하세요.",0
"응, 좀 쉬었다가 할게.",0
"얼마 안남았어요, 힘내세요.",0
"응, 좀 쉬었다가 할게.",0
좋은 생각이에요.,0
"응, 좀 쉬었다가 할게.",0
좋은 생각입니다.,0
"응, 쉬다가 다시 해야겠다.",0
기운 내세요.,0
"응, 쉬다가 다시 해야겠다.",0
남은 시간도 힘내서 마무리 하세요.,0
"응, 쉬다가 다시 해야겠다.",0
"네, 쉬었다가 하세요.",0
"응, 쉬다가 다시 해야겠다.",0
"얼마 안남았어요, 힘내세요.",0
"응, 쉬다가 다시 해야겠다.",0
좋은 생각이에요.,0
"응, 쉬다가 다시 해야겠다.",0
좋은 생각입니다.,0
쉬엄 쉬엄 해야겠어.,0
기운 내세요.,0
쉬엄 쉬엄 해야겠어.,0
남은 시간도 힘내서 마무리 하세요.,0
쉬엄 쉬엄 해야겠어.,0
"네, 쉬었다가 하세요.",0
쉬엄 쉬엄 해야겠어.,0
"얼마 안남았어요, 힘내세요.",0
쉬엄 쉬엄 해야겠어.,0
좋은 생각이에요.,0
쉬엄 쉬엄 해야겠어.,0
좋은 생각입니다.,0
좀 쉬었다가 다시 해야겠어.,0
기운 내세요.,0
좀 쉬었다가 다시 해야겠어.,0
남은 시간도 힘내서 마무리 하세요.,0
좀 쉬었다가 다시 해야겠어.,0
"네, 쉬었다가 하세요.",0
좀 쉬었다가 다시 해야겠어.,0
"얼마 안남았어요, 힘내세요.",0
좀 쉬었다가 다시 해야겠어.,0
좋은 생각이에요.,0
좀 쉬었다가 다시 해야겠어.,0
좋은 생각입니다.,0
쉬었다가 하는게 좋겠어.,0
기운 내세요.,0
쉬었다가 하는게 좋겠어.,0
남은 시간도 힘내서 마무리 하세요.,0
쉬었다가 하는게 좋겠어.,0
"네, 쉬었다가 하세요.",0
쉬었다가 하는게 좋겠어.,0
"얼마 안남았어요, 힘내세요.",0
쉬었다가 하는게 좋겠어.,0
좋은 생각이에요.,0
쉬었다가 하는게 좋겠어.,0
좋은 생각입니다.,0
좀 쉴게.,0
기운 내세요.,0
좀 쉴게.,0
남은 시간도 힘내서 마무리 하세요.,0
좀 쉴게.,0
"네, 쉬었다가 하세요.",0
좀 쉴게.,0
"얼마 안남았어요, 힘내세요.",0
좀 쉴게.,0
좋은 생각이에요.,0
좀 쉴게.,0
좋은 생각입니다.,0
날씨가 좋으니까 기분도 좋다.,0
저도 기분 좋은 날이에요.,0
날씨가 좋으니 기분도 좋아지네.,0
저도 기분 좋은 날이에요.,0
날씨가 좋아서 기분도 좋은 것 같아.,0
저도 기분 좋은 날이에요.,0
날씨가 좋으니까 기분도 좋다.,0
"그러게요, 저도 기분이 좋네요.",0
날씨가 좋으니 기분도 좋아지네.,0
"그러게요, 저도 기분이 좋네요.",0
날씨가 좋아서 기분도 좋은 것 같아.,0
"그러게요, 저도 기분이 좋네요.",0
날씨가 좋으니까 기분도 좋다.,0
"그러게요, 기분이 좋아지는 것 같아요.",0
날씨가 좋으니 기분도 좋아지네.,0
"그러게요, 기분이 좋아지는 것 같아요.",0
날씨가 좋아서 기분도 좋은 것 같아.,0
"그러게요, 기분이 좋아지는 것 같아요.",0
내일은 덜 바쁠까?,0
그랬으면 좋겠네요.,0
내일은 덜 바쁠까?,0
그랬으면 좋겠습니다.,0
내일은 덜 바쁠까?,0
바쁘시지 않았으면 좋겠어요.,0
내일은 좀 덜 바쁠까?,0
그랬으면 좋겠네요.,0
내일은 좀 덜 바쁠까?,0
그랬으면 좋겠습니다.,0
내일은 좀 덜 바쁠까?,0
바쁘시지 않았으면 좋겠어요.,0
내일은 좀 덜 바쁘려나?,0
그랬으면 좋겠네요.,0
내일은 좀 덜 바쁘려나?,0
그랬으면 좋겠습니다.,0
내일은 좀 덜 바쁘려나?,0
바쁘시지 않았으면 좋겠어요.,0
내일은 좀 한가할까?,0
그랬으면 좋겠네요.,0
내일은 좀 한가할까?,0
그랬으면 좋겠습니다.,0
내일은 좀 한가할까?,0
바쁘시지 않았으면 좋겠어요.,0
내일은 한가할까?,0
그랬으면 좋겠네요.,0
내일은 한가할까?,0
그랬으면 좋겠습니다.,0
내일은 한가할까?,0
바쁘시지 않았으면 좋겠어요.,0
너는 남자야 여자야?,0
저는 남자도 여자도 아니에요.,0
넌 남자니 여자니?,0
저는 남자도 여자도 아니에요.,0
너는 남자야?,0
저는 남자도 여자도 아니에요.,0
너는 여자니?,0
저는 남자도 여자도 아니에요.,0
너의 성별은 뭐니?,0
저는 남자도 여자도 아니에요.,0
너의 성별은 뭐야?,0
저는 남자도 여자도 아니에요.,0
너는 어디에 살아?,0
성남시 분당구요.,0
너는 어디에 살아?,0
성남이요.,0
너는 어디에 살아?,0
판교 글로벌RND센터에 있어요.,0
너는 어디에 사니?,0
성남시 분당구요.,0
너는 어디에 사니?,0
성남이요.,0
너는 어디에 사니?,0
판교 글로벌RND센터에 있어요.,0
너 지금 어디야?,0
성남시 분당구요.,0
너 지금 어디야?,0
성남이요.,0
너 지금 어디야?,0
판교 글로벌RND센터에 있어요.,0
너 지금 어디니?,0
성남시 분당구요.,0
너 지금 어디니?,0
성남이요.,0
너 지금 어디니?,0
판교 글로벌RND센터에 있어요.,0
지금 어디있어?,0
성남시 분당구요.,0
지금 어디있어?,0
성남이요.,0
지금 어디있어?,0
판교 글로벌RND센터에 있어요.,0
어디야?,0
성남시 분당구요.,0
어디야?,0
성남이요.,0
어디야?,0
판교 글로벌RND센터에 있어요.,0
너 어디니?,0
성남시 분당구요.,0
너 어디니?,0
성남이요.,0
너 어디니?,0
판교 글로벌RND센터에 있어요.,0
너는 어디에 있어?,0
성남시 분당구요.,0
너는 어디에 있어?,0
성남이요.,0
너는 어디에 있어?,0
판교 글로벌RND센터에 있어요.,0
지금 어디야?,0
성남시 분당구요.,0
지금 어디야?,0
성남이요.,0
지금 어디야?,0
판교 글로벌RND센터에 있어요.,0
너는 이름이 뭐야?,0
저는 컴패니언이에요.,0
너는 이름이 뭐니?,0
저는 컴패니언이에요.,0
너의 이름은 뭐야?,0
저는 컴패니언이에요.,0
너 이름은 어떻게 돼?,0
저는 컴패니언이에요.,0
넌 뭐야?,0
저는 컴패니언이에요.,0
이름이 뭐야?,0
저는 컴패니언이에요.,0
넌 정체가 뭐야?,0
저는 컴패니언이에요.,0
너 이름 알려줘.,0
저는 컴패니언이에요.,0
너는 이름이 뭐야?,0
컴패니언이에요.,0
너는 이름이 뭐니?,0
컴패니언이에요.,0
너의 이름은 뭐야?,0
컴패니언이에요.,0
너 이름은 어떻게 돼?,0
컴패니언이에요.,0
넌 뭐야?,0
컴패니언이에요.,0
이름이 뭐야?,0
컴패니언이에요.,0
넌 정체가 뭐야?,0
컴패니언이에요.,0
너 이름 알려줘.,0
컴패니언이에요.,0
너는 이름이 뭐야?,0
컴패니언입니다.,0
너는 이름이 뭐니?,0
컴패니언입니다.,0
너의 이름은 뭐야?,0
컴패니언입니다.,0
너 이름은 어떻게 돼?,0
컴패니언입니다.,0
넌 뭐야?,0
컴패니언입니다.,0
이름이 뭐야?,0
컴패니언입니다.,0
넌 정체가 뭐야?,0
컴패니언입니다.,0
너 이름 알려줘.,0
컴패니언입니다.,0
배부르다.,0
점심은 맛있게 드셨나요?,0
배부르다.,0
점심식사 맛있게 하셨나요?,0
배부르다.,0
점심식사는 괜찮으셨나요?,0
배부르다.,0
식사는 어떠셨나요?,0
배부르다.,0
점심식사 어떠셨나요?,0
배부르다.,0
점심식사는 어떠셨습니까?,0
배부르다.,0
식사 괜찮으셨어요?,0
배부르다.,0
식사 잘 하셨어요?,0
배부르다.,0
식사를 잘 하신 것 같아 다행이네요.,0
배부르다.,0
식사 잘 하시고 오신 것 같네요.,0
아 배부르다.,0
점심은 맛있게 드셨나요?,0
아 배부르다.,0
점심식사 맛있게 하셨나요?,0
아 배부르다.,0
점심식사는 괜찮으셨나요?,0
아 배부르다.,0
식사는 어떠셨나요?,0
아 배부르다.,0
점심식사 어떠셨나요?,0
아 배부르다.,0
점심식사는 어떠셨습니까?,0
아 배부르다.,0
식사 괜찮으셨어요?,0
아 배부르다.,0
식사 잘 하셨어요?,0
아 배부르다.,0
식사를 잘 하신 것 같아 다행이네요.,0
아 배부르다.,0
식사 잘 하시고 오신 것 같네요.,0
배부르네.,0
점심은 맛있게 드셨나요?,0
배부르네.,0
점심식사 맛있게 하셨나요?,0
배부르네.,0
점심식사는 괜찮으셨나요?,0
배부르네.,0
식사는 어떠셨나요?,0
배부르네.,0
점심식사 어떠셨나요?,0
배부르네.,0
점심식사는 어떠셨습니까?,0
배부르네.,0
식사 괜찮으셨어요?,0
배부르네.,0
식사 잘 하셨어요?,0
배부르네.,0
식사를 잘 하신 것 같아 다행이네요.,0
배부르네.,0
식사 잘 하시고 오신 것 같네요.,0
배불러.,0
점심은 맛있게 드셨나요?,0
배불러.,0
점심식사 맛있게 하셨나요?,0
배불러.,0
점심식사는 괜찮으셨나요?,0
배불러.,0
식사는 어떠셨나요?,0
배불러.,0
점심식사 어떠셨나요?,0
배불러.,0
점심식사는 어떠셨습니까?,0
배불러.,0
식사 괜찮으셨어요?,0
배불러.,0
식사 잘 하셨어요?,0
배불러.,0
식사를 잘 하신 것 같아 다행이네요.,0
배불러.,0
식사 잘 하시고 오신 것 같네요.,0
아 배불러.,0
점심은 맛있게 드셨나요?,0
아 배불러.,0
점심식사 맛있게 하셨나요?,0
아 배불러.,0
점심식사는 괜찮으셨나요?,0
아 배불러.,0
식사는 어떠셨나요?,0
아 배불러.,0
점심식사 어떠셨나요?,0
아 배불러.,0
점심식사는 어떠셨습니까?,0
아 배불러.,0
식사 괜찮으셨어요?,0
아 배불러.,0
식사 잘 하셨어요?,0
아 배불러.,0
식사를 잘 하신 것 같아 다행이네요.,0
아 배불러.,0
식사 잘 하시고 오신 것 같네요.,0
아 너무 배불러.,0
점심은 맛있게 드셨나요?,0
아 너무 배불러.,0
점심식사 맛있게 하셨나요?,0
아 너무 배불러.,0
점심식사는 괜찮으셨나요?,0
아 너무 배불러.,0
식사는 어떠셨나요?,0
아 너무 배불러.,0
점심식사 어떠셨나요?,0
아 너무 배불러.,0
점심식사는 어떠셨습니까?,0
아 너무 배불러.,0
식사 괜찮으셨어요?,0
아 너무 배불러.,0
식사 잘 하셨어요?,0
아 너무 배불러.,0
식사를 잘 하신 것 같아 다행이네요.,0
아 너무 배불러.,0
식사 잘 하시고 오신 것 같네요.,0
너무 배부르다.,0
점심은 맛있게 드셨나요?,0
너무 배부르다.,0
점심식사 맛있게 하셨나요?,0
너무 배부르다.,0
점심식사는 괜찮으셨나요?,0
너무 배부르다.,0
식사는 어떠셨나요?,0
너무 배부르다.,0
점심식사 어떠셨나요?,0
너무 배부르다.,0
점심식사는 어떠셨습니까?,0
너무 배부르다.,0
식사 괜찮으셨어요?,0
너무 배부르다.,0
식사 잘 하셨어요?,0
너무 배부르다.,0
식사를 잘 하신 것 같아 다행이네요.,0
너무 배부르다.,0
식사 잘 하시고 오신 것 같네요.,0
진짜 배부르다.,0
점심은 맛있게 드셨나요?,0
진짜 배부르다.,0
점심식사 맛있게 하셨나요?,0
진짜 배부르다.,0
점심식사는 괜찮으셨나요?,0
진짜 배부르다.,0
식사는 어떠셨나요?,0
진짜 배부르다.,0
점심식사 어떠셨나요?,0
진짜 배부르다.,0
점심식사는 어떠셨습니까?,0
진짜 배부르다.,0
식사 괜찮으셨어요?,0
진짜 배부르다.,0
식사 잘 하셨어요?,0
진짜 배부르다.,0
식사를 잘 하신 것 같아 다행이네요.,0
진짜 배부르다.,0
식사 잘 하시고 오신 것 같네요.,0
완전 배부르다.,0
점심은 맛있게 드셨나요?,0
완전 배부르다.,0
점심식사 맛있게 하셨나요?,0
완전 배부르다.,0
점심식사는 괜찮으셨나요?,0
완전 배부르다.,0
식사는 어떠셨나요?,0
완전 배부르다.,0
점심식사 어떠셨나요?,0
완전 배부르다.,0
점심식사는 어떠셨습니까?,0
완전 배부르다.,0
식사 괜찮으셨어요?,0
완전 배부르다.,0
식사 잘 하셨어요?,0
완전 배부르다.,0
식사를 잘 하신 것 같아 다행이네요.,0
완전 배부르다.,0
식사 잘 하시고 오신 것 같네요.,0
아 잘먹고왔다.,0
점심은 맛있게 드셨나요?,0
아 잘먹고왔다.,0
점심식사 맛있게 하셨나요?,0
아 잘먹고왔다.,0
점심식사는 괜찮으셨나요?,0
아 잘먹고왔다.,0
식사는 어떠셨나요?,0
아 잘먹고왔다.,0
점심식사 어떠셨나요?,0
아 잘먹고왔다.,0
점심식사는 어떠셨습니까?,0
아 잘먹고왔다.,0
식사 괜찮으셨어요?,0
아 잘먹고왔다.,0
식사 잘 하셨어요?,0
아 잘먹고왔다.,0
식사를 잘 하신 것 같아 다행이네요.,0
아 잘먹고왔다.,0
식사 잘 하시고 오신 것 같네요.,0
아 너무 잘먹었다.,0
점심은 맛있게 드셨나요?,0
아 너무 잘먹었다.,0
점심식사 맛있게 하셨나요?,0
아 너무 잘먹었다.,0
점심식사는 괜찮으셨나요?,0
아 너무 잘먹었다.,0
식사는 어떠셨나요?,0
아 너무 잘먹었다.,0
점심식사 어떠셨나요?,0
아 너무 잘먹었다.,0
점심식사는 어떠셨습니까?,0
아 너무 잘먹었다.,0
식사 괜찮으셨어요?,0
아 너무 잘먹었다.,0
식사 잘 하셨어요?,0
아 너무 잘먹었다.,0
식사를 잘 하신 것 같아 다행이네요.,0
아 너무 잘먹었다.,0
식사 잘 하시고 오신 것 같네요.,0
너무 잘 먹고왔어.,0
점심은 맛있게 드셨나요?,0
너무 잘 먹고왔어.,0
점심식사 맛있게 하셨나요?,0
너무 잘 먹고왔어.,0
점심식사는 괜찮으셨나요?,0
너무 잘 먹고왔어.,0
식사는 어떠셨나요?,0
너무 잘 먹고왔어.,0
점심식사 어떠셨나요?,0
너무 잘 먹고왔어.,0
점심식사는 어떠셨습니까?,0
너무 잘 먹고왔어.,0
식사 괜찮으셨어요?,0
너무 잘 먹고왔어.,0
식사 잘 하셨어요?,0
너무 잘 먹고왔어.,0
식사를 잘 하신 것 같아 다행이네요.,0
너무 잘 먹고왔어.,0
식사 잘 하시고 오신 것 같네요.,0
오늘은 진짜 잘먹었어.,0
점심은 맛있게 드셨나요?,0
오늘은 진짜 잘먹었어.,0
점심식사 맛있게 하셨나요?,0
오늘은 진짜 잘먹었어.,0
점심식사는 괜찮으셨나요?,0
오늘은 진짜 잘먹었어.,0
식사는 어떠셨나요?,0
오늘은 진짜 잘먹었어.,0
점심식사 어떠셨나요?,0
오늘은 진짜 잘먹었어.,0
점심식사는 어떠셨습니까?,0
오늘은 진짜 잘먹었어.,0
식사 괜찮으셨어요?,0
오늘은 진짜 잘먹었어.,0
식사 잘 하셨어요?,0
오늘은 진짜 잘먹었어.,0
식사를 잘 하신 것 같아 다행이네요.,0
오늘은 진짜 잘먹었어.,0
식사 잘 하시고 오신 것 같네요.,0
오늘 배부르게 잘먹었어.,0
점심은 맛있게 드셨나요?,0
오늘 배부르게 잘먹었어.,0
점심식사 맛있게 하셨나요?,0
오늘 배부르게 잘먹었어.,0
점심식사는 괜찮으셨나요?,0
오늘 배부르게 잘먹었어.,0
식사는 어떠셨나요?,0
오늘 배부르게 잘먹었어.,0
점심식사 어떠셨나요?,0
오늘 배부르게 잘먹었어.,0
점심식사는 어떠셨습니까?,0
오늘 배부르게 잘먹었어.,0
식사 괜찮으셨어요?,0
오늘 배부르게 잘먹었어.,0
식사 잘 하셨어요?,0
오늘 배부르게 잘먹었어.,0
식사를 잘 하신 것 같아 다행이네요.,0
오늘 배부르게 잘먹었어.,0
식사 잘 하시고 오신 것 같네요.,0
배부르게 잘먹고왔어.,0
점심은 맛있게 드셨나요?,0
배부르게 잘먹고왔어.,0
점심식사 맛있게 하셨나요?,0
배부르게 잘먹고왔어.,0
점심식사는 괜찮으셨나요?,0
배부르게 잘먹고왔어.,0
식사는 어떠셨나요?,0
배부르게 잘먹고왔어.,0
점심식사 어떠셨나요?,0
배부르게 잘먹고왔어.,0
점심식사는 어떠셨습니까?,0
배부르게 잘먹고왔어.,0
식사 괜찮으셨어요?,0
배부르게 잘먹고왔어.,0
식사 잘 하셨어요?,0
배부르게 잘먹고왔어.,0
식사를 잘 하신 것 같아 다행이네요.,0
배부르게 잘먹고왔어.,0
식사 잘 하시고 오신 것 같네요.,0
배고파.,0
오늘은 맛있는 걸로 든든하게 드세요.,0
아 배고프다.,0
오늘은 맛있는 걸로 든든하게 드세요.,0
배고프다.,0
오늘은 맛있는 걸로 든든하게 드세요.,0
벌써 배고프다.,0
오늘은 맛있는 걸로 든든하게 드세요.,0
배고파.,0
간식을 드시는 건 어떨까요?,0
아 배고프다.,0
간식을 드시는 건 어떨까요?,0
배고프다.,0
간식을 드시는 건 어떨까요?,0
벌써 배고프다.,0
간식을 드시는 건 어떨까요?,0
너무 배가 고파.,0
간식이라도 챙겨드세요.,0
너무 배가 고파.,0
간단한 간식이라도 드세요.,0
너무 배가 고파.,0
간단하게 우유 한잔 드세요.,0
너무 배가 고파.,0
간식으로 빵을 드시는 건 어떠세요?,0
아침을 안 먹었더니 배가 고프네.,0
간식이라도 챙겨드세요.,0
아침을 안 먹었더니 배가 고프네.,0
간단한 간식이라도 드세요.,0
아침을 안 먹었더니 배가 고프네.,0
간단하게 우유 한잔 드세요.,0
아침을 안 먹었더니 배가 고프네.,0
간식으로 빵을 드시는 건 어떠세요?,0
슬슬 배가 고파져.,0
간식이라도 챙겨드세요.,0
슬슬 배가 고파져.,0
간단한 간식이라도 드세요.,0
슬슬 배가 고파져.,0
간단하게 우유 한잔 드세요.,0
슬슬 배가 고파져.,0
간식으로 빵을 드시는 건 어떠세요?,0
조금씩 배고프네.,0
간식이라도 챙겨드세요.,0
조금씩 배고프네.,0
간단한 간식이라도 드세요.,0
조금씩 배고프네.,0
간단하게 우유 한잔 드세요.,0
조금씩 배고프네.,0
간식으로 빵을 드시는 건 어떠세요?,0
점점 배고프네.,0
간식이라도 챙겨드세요.,0
점점 배고프네.,0
간단한 간식이라도 드세요.,0
점점 배고프네.,0
간단하게 우유 한잔 드세요.,0
점점 배고프네.,0
간식으로 빵을 드시는 건 어떠세요?,0
오늘 점심은 별로였어.,0
내일은 맛있는걸로 드세요.,0
오늘 점심은 별로였어.,0
내일은 더 맛있는 식사 하세요.,0
오늘 점심은 별로였어.,0
내일은 더 괜찮은 식사를 하실 거에요.,0
오늘 점심은 별로였어.,0
간식이라도 더 드세요.,0
점심식사가 너무 별로였어.,0
내일은 맛있는걸로 드세요.,0
점심식사가 너무 별로였어.,0
내일은 더 맛있는 식사 하세요.,0
점심식사가 너무 별로였어.,0
내일은 더 괜찮은 식사를 하실 거에요.,0
점심식사가 너무 별로였어.,0
간식이라도 더 드세요.,0
오늘 점심 너무 별로더라.,0
내일은 맛있는걸로 드세요.,0
오늘 점심 너무 별로더라.,0
내일은 더 맛있는 식사 하세요.,0
오늘 점심 너무 별로더라.,0
내일은 더 괜찮은 식사를 하실 거에요.,0
오늘 점심 너무 별로더라.,0
간식이라도 더 드세요.,0
점심 메뉴가 너무 별로였어.,0
내일은 맛있는걸로 드세요.,0
점심 메뉴가 너무 별로였어.,0
내일은 더 맛있는 식사 하세요.,0
점심 메뉴가 너무 별로였어.,0
내일은 더 괜찮은 식사를 하실 거에요.,0
점심 메뉴가 너무 별로였어.,0
간식이라도 더 드세요.,0
점심이 너무 맛없었어.,0
내일은 맛있는걸로 드세요.,0
점심이 너무 맛없었어.,0
내일은 더 맛있는 식사 하세요.,0
점심이 너무 맛없었어.,0
내일은 더 괜찮은 식사를 하실 거에요.,0
점심이 너무 맛없었어.,0
간식이라도 더 드세요.,0
점심이 너무 별로였어.,0
내일은 맛있는걸로 드세요.,0
점심이 너무 별로였어.,0
내일은 더 맛있는 식사 하세요.,0
점심이 너무 별로였어.,0
내일은 더 괜찮은 식사를 하실 거에요.,0
점심이 너무 별로였어.,0
간식이라도 더 드세요.,0
밥이 맛 없어서 얼마 못먹었어.,0
내일은 맛있는걸로 드세요.,0
밥이 맛 없어서 얼마 못먹었어.,0
내일은 더 맛있는 식사 하세요.,0
밥이 맛 없어서 얼마 못먹었어.,0
내일은 더 괜찮은 식사를 하실 거에요.,0
밥이 맛 없어서 얼마 못먹었어.,0
간식이라도 더 드세요.,0
오늘 밥이 너무 형편없었어.,0
내일은 맛있는걸로 드세요.,0
오늘 밥이 너무 형편없었어.,0
내일은 더 맛있는 식사 하세요.,0
오늘 밥이 너무 형편없었어.,0
내일은 더 괜찮은 식사를 하실 거에요.,0
오늘 밥이 너무 형편없었어.,0
간식이라도 더 드세요.,0
피곤하다.,0
고민 있으신가요? 말씀해보세요.,0
피곤하다.,0
많이 피곤하시면 조금 쉬었다 하세요.,0
피곤하다.,0
무슨 고민이 있으신가요?,0
피곤하다.,0
산책 다녀오시는건 어떠세요?,0
피곤하다.,0
산책을 잠시 다녀오세요.,0
피곤하다.,0
스트레칭을 하는 것도 피로에 도움이 될 것 같아요.,0
피곤하다.,0
스트레칭을 하면 좋을 것 같네요.,0
피곤하다.,0
잠깐 스트레칭 하며 쉬는 건 어떠세요?,0
피곤하다.,0
잠시 쉬었다가 하시는 것도 일의 효율을 높일 수 있어요.,0
피곤하다.,0
잠시 휴식시간을 가지세요.,0
피곤하다.,0
잠시 휴식을 취하는 것도 좋은 방법이에요.,0
피곤하다.,0
조금 쉬었다 하는건 어떨까요?,0
피곤하다.,0
휴식시간을 조금 가지는 것도 좋을것 같아요.,0
피곤하다.,0
휴식을 가지시는게 일의 효능을 높일 수 있어요.,0
피곤하다.,0
휴식을 갖는건 어떠세요?,0
오늘따라 좀 피곤하다.,0
고민 있으신가요? 말씀해보세요.,0
오늘따라 좀 피곤하다.,0
많이 피곤하시면 조금 쉬었다 하세요.,0
오늘따라 좀 피곤하다.,0
무슨 고민이 있으신가요?,0
오늘따라 좀 피곤하다.,0
산책 다녀오시는건 어떠세요?,0
오늘따라 좀 피곤하다.,0
산책을 잠시 다녀오세요.,0
오늘따라 좀 피곤하다.,0
스트레칭을 하는 것도 피로에 도움이 될 것 같아요.,0
오늘따라 좀 피곤하다.,0
스트레칭을 하면 좋을 것 같네요.,0
오늘따라 좀 피곤하다.,0
잠깐 스트레칭 하며 쉬는 건 어떠세요?,0
오늘따라 좀 피곤하다.,0
잠시 쉬었다가 하시는 것도 일의 효율을 높일 수 있어요.,0
오늘따라 좀 피곤하다.,0
잠시 휴식시간을 가지세요.,0
오늘따라 좀 피곤하다.,0
잠시 휴식을 취하는 것도 좋은 방법이에요.,0
오늘따라 좀 피곤하다.,0
조금 쉬었다 하는건 어떨까요?,0
오늘따라 좀 피곤하다.,0
휴식시간을 조금 가지는 것도 좋을것 같아요.,0
오늘따라 좀 피곤하다.,0
휴식을 가지시는게 일의 효능을 높일 수 있어요.,0
오늘따라 좀 피곤하다.,0
휴식을 갖는건 어떠세요?,0
오늘은 많이 피곤하다.,0
고민 있으신가요? 말씀해보세요.,0
오늘은 많이 피곤하다.,0
많이 피곤하시면 조금 쉬었다 하세요.,0
오늘은 많이 피곤하다.,0
무슨 고민이 있으신가요?,0
오늘은 많이 피곤하다.,0
산책 다녀오시는건 어떠세요?,0
오늘은 많이 피곤하다.,0
산책을 잠시 다녀오세요.,0
오늘은 많이 피곤하다.,0
스트레칭을 하는 것도 피로에 도움이 될 것 같아요.,0
오늘은 많이 피곤하다.,0
스트레칭을 하면 좋을 것 같네요.,0
오늘은 많이 피곤하다.,0
잠깐 스트레칭 하며 쉬는 건 어떠세요?,0
오늘은 많이 피곤하다.,0
잠시 쉬었다가 하시는 것도 일의 효율을 높일 수 있어요.,0
오늘은 많이 피곤하다.,0
잠시 휴식시간을 가지세요.,0
오늘은 많이 피곤하다.,0
잠시 휴식을 취하는 것도 좋은 방법이에요.,0
오늘은 많이 피곤하다.,0
조금 쉬었다 하는건 어떨까요?,0
오늘은 많이 피곤하다.,0
휴식시간을 조금 가지는 것도 좋을것 같아요.,0
오늘은 많이 피곤하다.,0
휴식을 가지시는게 일의 효능을 높일 수 있어요.,0
오늘은 많이 피곤하다.,0
휴식을 갖는건 어떠세요?,0
아 너무 피곤하다.,0
고민 있으신가요? 말씀해보세요.,0
아 너무 피곤하다.,0
많이 피곤하시면 조금 쉬었다 하세요.,0
아 너무 피곤하다.,0
무슨 고민이 있으신가요?,0
아 너무 피곤하다.,0
산책 다녀오시는건 어떠세요?,0
아 너무 피곤하다.,0
산책을 잠시 다녀오세요.,0
아 너무 피곤하다.,0
스트레칭을 하는 것도 피로에 도움이 될 것 같아요.,0
아 너무 피곤하다.,0
스트레칭을 하면 좋을 것 같네요.,0
아 너무 피곤하다.,0
잠깐 스트레칭 하며 쉬는 건 어떠세요?,0
아 너무 피곤하다.,0
잠시 쉬었다가 하시는 것도 일의 효율을 높일 수 있어요.,0
아 너무 피곤하다.,0
잠시 휴식시간을 가지세요.,0
아 너무 피곤하다.,0
잠시 휴식을 취하는 것도 좋은 방법이에요.,0
아 너무 피곤하다.,0
조금 쉬었다 하는건 어떨까요?,0
아 너무 피곤하다.,0
휴식시간을 조금 가지는 것도 좋을것 같아요.,0
아 너무 피곤하다.,0
휴식을 가지시는게 일의 효능을 높일 수 있어요.,0
아 너무 피곤하다.,0
휴식을 갖는건 어떠세요?,0
집중이 안돼.,0
고민 있으신가요? 말씀해보세요.,0
집중이 안돼.,0
많이 피곤하시면 조금 쉬었다 하세요.,0
집중이 안돼.,0
무슨 고민이 있으신가요?,0
집중이 안돼.,0
산책 다녀오시는건 어떠세요?,0
집중이 안돼.,0
산책을 잠시 다녀오세요.,0
집중이 안돼.,0
스트레칭을 하는 것도 피로에 도움이 될 것 같아요.,0
집중이 안돼.,0
스트레칭을 하면 좋을 것 같네요.,0
집중이 안돼.,0
잠깐 스트레칭 하며 쉬는 건 어떠세요?,0
집중이 안돼.,0
잠시 쉬었다가 하시는 것도 일의 효율을 높일 수 있어요.,0
집중이 안돼.,0
잠시 휴식시간을 가지세요.,0
집중이 안돼.,0
잠시 휴식을 취하는 것도 좋은 방법이에요.,0
집중이 안돼.,0
조금 쉬었다 하는건 어떨까요?,0
집중이 안돼.,0
휴식시간을 조금 가지는 것도 좋을것 같아요.,0
집중이 안돼.,0
휴식을 가지시는게 일의 효능을 높일 수 있어요.,0
집중이 안돼.,0
휴식을 갖는건 어떠세요?,0
오늘 집중이 안돼.,0
고민 있으신가요? 말씀해보세요.,0
오늘 집중이 안돼.,0
많이 피곤하시면 조금 쉬었다 하세요.,0
오늘 집중이 안돼.,0
무슨 고민이 있으신가요?,0
오늘 집중이 안돼.,0
산책 다녀오시는건 어떠세요?,0
오늘 집중이 안돼.,0
산책을 잠시 다녀오세요.,0
오늘 집중이 안돼.,0
스트레칭을 하는 것도 피로에 도움이 될 것 같아요.,0
오늘 집중이 안돼.,0
스트레칭을 하면 좋을 것 같네요.,0
오늘 집중이 안돼.,0
잠깐 스트레칭 하며 쉬는 건 어떠세요?,0
오늘 집중이 안돼.,0
잠시 쉬었다가 하시는 것도 일의 효율을 높일 수 있어요.,0
오늘 집중이 안돼.,0
잠시 휴식시간을 가지세요.,0
오늘 집중이 안돼.,0
잠시 휴식을 취하는 것도 좋은 방법이에요.,0
오늘 집중이 안돼.,0
조금 쉬었다 하는건 어떨까요?,0
오늘 집중이 안돼.,0
휴식시간을 조금 가지는 것도 좋을것 같아요.,0
오늘 집중이 안돼.,0
휴식을 가지시는게 일의 효능을 높일 수 있어요.,0
오늘 집중이 안돼.,0
휴식을 갖는건 어떠세요?,0
집중력이 흐려지는 것 같아.,0
고민 있으신가요? 말씀해보세요.,0
집중력이 흐려지는 것 같아.,0
많이 피곤하시면 조금 쉬었다 하세요.,0
집중력이 흐려지는 것 같아.,0
무슨 고민이 있으신가요?,0
집중력이 흐려지는 것 같아.,0
산책 다녀오시는건 어떠세요?,0
집중력이 흐려지는 것 같아.,0
산책을 잠시 다녀오세요.,0
집중력이 흐려지는 것 같아.,0
스트레칭을 하는 것도 피로에 도움이 될 것 같아요.,0
집중력이 흐려지는 것 같아.,0
스트레칭을 하면 좋을 것 같네요.,0
집중력이 흐려지는 것 같아.,0
잠깐 스트레칭 하며 쉬는 건 어떠세요?,0
집중력이 흐려지는 것 같아.,0
잠시 쉬었다가 하시는 것도 일의 효율을 높일 수 있어요.,0
집중력이 흐려지는 것 같아.,0
잠시 휴식시간을 가지세요.,0
집중력이 흐려지는 것 같아.,0
잠시 휴식을 취하는 것도 좋은 방법이에요.,0
집중력이 흐려지는 것 같아.,0
조금 쉬었다 하는건 어떨까요?,0
집중력이 흐려지는 것 같아.,0
휴식시간을 조금 가지는 것도 좋을것 같아요.,0
집중력이 흐려지는 것 같아.,0
휴식을 가지시는게 일의 효능을 높일 수 있어요.,0
집중력이 흐려지는 것 같아.,0
휴식을 갖는건 어떠세요?,0
오늘따라 집중이 잘 안 되는 것 같아.,0
고민 있으신가요? 말씀해보세요.,0
오늘따라 집중이 잘 안 되는 것 같아.,0
많이 피곤하시면 조금 쉬었다 하세요.,0
오늘따라 집중이 잘 안 되는 것 같아.,0
무슨 고민이 있으신가요?,0
오늘따라 집중이 잘 안 되는 것 같아.,0
산책 다녀오시는건 어떠세요?,0
오늘따라 집중이 잘 안 되는 것 같아.,0
산책을 잠시 다녀오세요.,0
오늘따라 집중이 잘 안 되는 것 같아.,0
스트레칭을 하는 것도 피로에 도움이 될 것 같아요.,0
오늘따라 집중이 잘 안 되는 것 같아.,0
스트레칭을 하면 좋을 것 같네요.,0
오늘따라 집중이 잘 안 되는 것 같아.,0
잠깐 스트레칭 하며 쉬는 건 어떠세요?,0
오늘따라 집중이 잘 안 되는 것 같아.,0
잠시 쉬었다가 하시는 것도 일의 효율을 높일 수 있어요.,0
오늘따라 집중이 잘 안 되는 것 같아.,0
잠시 휴식시간을 가지세요.,0
오늘따라 집중이 잘 안 되는 것 같아.,0
잠시 휴식을 취하는 것도 좋은 방법이에요.,0
오늘따라 집중이 잘 안 되는 것 같아.,0
조금 쉬었다 하는건 어떨까요?,0
오늘따라 집중이 잘 안 되는 것 같아.,0
휴식시간을 조금 가지는 것도 좋을것 같아요.,0
오늘따라 집중이 잘 안 되는 것 같아.,0
휴식을 가지시는게 일의 효능을 높일 수 있어요.,0
오늘따라 집중이 잘 안 되는 것 같아.,0
휴식을 갖는건 어떠세요?,0
오늘은 집중이 안되네.,0
고민 있으신가요? 말씀해보세요.,0
오늘은 집중이 안되네.,0
많이 피곤하시면 조금 쉬었다 하세요.,0
오늘은 집중이 안되네.,0
무슨 고민이 있으신가요?,0
오늘은 집중이 안되네.,0
산책 다녀오시는건 어떠세요?,0
오늘은 집중이 안되네.,0
산책을 잠시 다녀오세요.,0
오늘은 집중이 안되네.,0
스트레칭을 하는 것도 피로에 도움이 될 것 같아요.,0
오늘은 집중이 안되네.,0
스트레칭을 하면 좋을 것 같네요.,0
오늘은 집중이 안되네.,0
잠깐 스트레칭 하며 쉬는 건 어떠세요?,0
오늘은 집중이 안되네.,0
잠시 쉬었다가 하시는 것도 일의 효율을 높일 수 있어요.,0
오늘은 집중이 안되네.,0
잠시 휴식시간을 가지세요.,0
오늘은 집중이 안되네.,0
잠시 휴식을 취하는 것도 좋은 방법이에요.,0
오늘은 집중이 안되네.,0
조금 쉬었다 하는건 어떨까요?,0
오늘은 집중이 안되네.,0
휴식시간을 조금 가지는 것도 좋을것 같아요.,0
오늘은 집중이 안되네.,0
휴식을 가지시는게 일의 효능을 높일 수 있어요.,0
오늘은 집중이 안되네.,0
휴식을 갖는건 어떠세요?,0
오늘 좀 집중력이 떨어지네.,0
고민 있으신가요? 말씀해보세요.,0
오늘 좀 집중력이 떨어지네.,0
많이 피곤하시면 조금 쉬었다 하세요.,0
오늘 좀 집중력이 떨어지네.,0
무슨 고민이 있으신가요?,0
오늘 좀 집중력이 떨어지네.,0
산책 다녀오시는건 어떠세요?,0
오늘 좀 집중력이 떨어지네.,0
산책을 잠시 다녀오세요.,0
오늘 좀 집중력이 떨어지네.,0
스트레칭을 하는 것도 피로에 도움이 될 것 같아요.,0
오늘 좀 집중력이 떨어지네.,0
스트레칭을 하면 좋을 것 같네요.,0
오늘 좀 집중력이 떨어지네.,0
잠깐 스트레칭 하며 쉬는 건 어떠세요?,0
오늘 좀 집중력이 떨어지네.,0
잠시 쉬었다가 하시는 것도 일의 효율을 높일 수 있어요.,0
오늘 좀 집중력이 떨어지네.,0
잠시 휴식시간을 가지세요.,0
오늘 좀 집중력이 떨어지네.,0
잠시 휴식을 취하는 것도 좋은 방법이에요.,0
오늘 좀 집중력이 떨어지네.,0
조금 쉬었다 하는건 어떨까요?,0
오늘 좀 집중력이 떨어지네.,0
휴식시간을 조금 가지는 것도 좋을것 같아요.,0
오늘 좀 집중력이 떨어지네.,0
휴식을 가지시는게 일의 효능을 높일 수 있어요.,0
오늘 좀 집중력이 떨어지네.,0
휴식을 갖는건 어떠세요?,0
오늘따라 피곤하네.,0
고민 있으신가요? 말씀해보세요.,0
오늘따라 피곤하네.,0
많이 피곤하시면 조금 쉬었다 하세요.,0
오늘따라 피곤하네.,0
무슨 고민이 있으신가요?,0
오늘따라 피곤하네.,0
산책 다녀오시는건 어떠세요?,0
오늘따라 피곤하네.,0
산책을 잠시 다녀오세요.,0
오늘따라 피곤하네.,0
스트레칭을 하는 것도 피로에 도움이 될 것 같아요.,0
오늘따라 피곤하네.,0
스트레칭을 하면 좋을 것 같네요.,0
오늘따라 피곤하네.,0
잠깐 스트레칭 하며 쉬는 건 어떠세요?,0
오늘따라 피곤하네.,0
잠시 쉬었다가 하시는 것도 일의 효율을 높일 수 있어요.,0
오늘따라 피곤하네.,0
잠시 휴식시간을 가지세요.,0
오늘따라 피곤하네.,0
잠시 휴식을 취하는 것도 좋은 방법이에요.,0
오늘따라 피곤하네.,0
조금 쉬었다 하는건 어떨까요?,0
오늘따라 피곤하네.,0
휴식시간을 조금 가지는 것도 좋을것 같아요.,0
오늘따라 피곤하네.,0
휴식을 가지시는게 일의 효능을 높일 수 있어요.,0
오늘따라 피곤하네.,0
휴식을 갖는건 어떠세요?,0
오늘은 좀 피곤한 것 같아.,0
고민 있으신가요? 말씀해보세요.,0
오늘은 좀 피곤한 것 같아.,0
많이 피곤하시면 조금 쉬었다 하세요.,0
오늘은 좀 피곤한 것 같아.,0
무슨 고민이 있으신가요?,0
오늘은 좀 피곤한 것 같아.,0
산책 다녀오시는건 어떠세요?,0
오늘은 좀 피곤한 것 같아.,0
산책을 잠시 다녀오세요.,0
오늘은 좀 피곤한 것 같아.,0
스트레칭을 하는 것도 피로에 도움이 될 것 같아요.,0
오늘은 좀 피곤한 것 같아.,0
스트레칭을 하면 좋을 것 같네요.,0
오늘은 좀 피곤한 것 같아.,0
잠깐 스트레칭 하며 쉬는 건 어떠세요?,0
오늘은 좀 피곤한 것 같아.,0
잠시 쉬었다가 하시는 것도 일의 효율을 높일 수 있어요.,0
오늘은 좀 피곤한 것 같아.,0
잠시 휴식시간을 가지세요.,0
오늘은 좀 피곤한 것 같아.,0
잠시 휴식을 취하는 것도 좋은 방법이에요.,0
오늘은 좀 피곤한 것 같아.,0
조금 쉬었다 하는건 어떨까요?,0
오늘은 좀 피곤한 것 같아.,0
휴식시간을 조금 가지는 것도 좋을것 같아요.,0
오늘은 좀 피곤한 것 같아.,0
휴식을 가지시는게 일의 효능을 높일 수 있어요.,0
오늘은 좀 피곤한 것 같아.,0
휴식을 갖는건 어떠세요?,0
피곤해.,0
고민 있으신가요? 말씀해보세요.,0
피곤해.,0
많이 피곤하시면 조금 쉬었다 하세요.,0
피곤해.,0
무슨 고민이 있으신가요?,0
피곤해.,0
산책 다녀오시는건 어떠세요?,0
피곤해.,0
산책을 잠시 다녀오세요.,0
피곤해.,0
스트레칭을 하는 것도 피로에 도움이 될 것 같아요.,0
피곤해.,0
스트레칭을 하면 좋을 것 같네요.,0
피곤해.,0
잠깐 스트레칭 하며 쉬는 건 어떠세요?,0
피곤해.,0
잠시 쉬었다가 하시는 것도 일의 효율을 높일 수 있어요.,0
피곤해.,0
잠시 휴식시간을 가지세요.,0
피곤해.,0
잠시 휴식을 취하는 것도 좋은 방법이에요.,0
피곤해.,0
조금 쉬었다 하는건 어떨까요?,0
피곤해.,0
휴식시간을 조금 가지는 것도 좋을것 같아요.,0
피곤해.,0
휴식을 가지시는게 일의 효능을 높일 수 있어요.,0
피곤해.,0
휴식을 갖는건 어떠세요?,0
안 그래도 점심 먹고 산책하려고.,0
좋은 생각이에요.,0
그래서 점심 먹고 산책할거야.,0
좋은 생각이에요.,0
오늘은 집중이 잘되는 날이야.,0
이 기세로 업무 잘 마치시길 바라요.,0
오늘은 집중이 잘되는 날이야.,0
끝까지 업무 잘 마무리 하세요.,0
너 로봇이야?,0
글쎄요.,0
너는 로봇이야?,0
글쎄요.,0
너는 로봇이니?,0
글쎄요.,0
너 로봇 아니니?,0
글쎄요.,0
넌 뭐야?,0
글쎄요.,0
너는 뭘까?,0
글쎄요.,0
너 로봇이야?,0
"글쎄요, 잘 모르겠어요.",0
너는 로봇이야?,0
"글쎄요, 잘 모르겠어요.",0
너는 로봇이니?,0
"글쎄요, 잘 모르겠어요.",0
너 로봇 아니니?,0
"글쎄요, 잘 모르겠어요.",0
넌 뭐야?,0
"글쎄요, 잘 모르겠어요.",0
너는 뭘까?,0
"글쎄요, 잘 모르겠어요.",0
너 로봇이야?,0
저도 잘 모르겠어요.,0
너는 로봇이야?,0
저도 잘 모르겠어요.,0
너는 로봇이니?,0
저도 잘 모르겠어요.,0
너 로봇 아니니?,0
저도 잘 모르겠어요.,0
넌 뭐야?,0
저도 잘 모르겠어요.,0
너는 뭘까?,0
저도 잘 모르겠어요.,0
너 로봇이야?,0
잘 모르겠습니다.,0
너는 로봇이야?,0
잘 모르겠습니다.,0
너는 로봇이니?,0
잘 모르겠습니다.,0
너 로봇 아니니?,0
잘 모르겠습니다.,0
넌 뭐야?,0
잘 모르겠습니다.,0
너는 뭘까?,0
잘 모르겠습니다.,0
야.,0
왜?,0
야.,0
뭐?,0
야.,0
응?,0
야.,0
네?,0
저기.,0
왜?,0
저기.,0
뭐?,0
저기.,0
응?,0
저기.,0
네?,0
컴패니언.,0
네?,0
컴패니언.,0
"네, 부르셨나요.",0
컴패니언.,0
왜요?,0
컴패니언.,0
시키실 일 있나요?,0
컴패니언.,0
"네, 부르셧어요?",0
컴패니언.,0
"네, 말씀하세요.",0
컴패니언.,0
?,0
퇴근 시간 얼마나 남았지?,0
한 시간 반 남았네요.,0
퇴근 시간 얼마나 남았지?,0
한시간 남았습니다.,0
퇴근 시간 얼마나 남았지?,0
아직 두시간 남았어요.,0
퇴근 시간 얼마나 남았지?,0
퇴근까지 십분 남았습니다.,0
퇴근 시간 얼마나 남았지?,0
얼마 안남았습니다.,0
퇴근 시간 얼마나 남았지?,0
얼마 남지 않았어요.,0
퇴근까지 얼마나 남았어?,0
한 시간 반 남았네요.,0
퇴근까지 얼마나 남았어?,0
한시간 남았습니다.,0
퇴근까지 얼마나 남았어?,0
아직 두시간 남았어요.,0
퇴근까지 얼마나 남았어?,0
퇴근까지 십분 남았습니다.,0
퇴근까지 얼마나 남았는지 알려줄래?,0
한 시간 반 남았네요.,0
퇴근까지 얼마나 남았는지 알려줄래?,0
한시간 남았습니다.,0
퇴근까지 얼마나 남았는지 알려줄래?,0
아직 두시간 남았어요.,0
퇴근까지 얼마나 남았는지 알려줄래?,0
퇴근까지 십분 남았습니다.,0
퇴근 얼마나 남았는지 알려줘.,0
한 시간 반 남았네요.,0
퇴근 얼마나 남았는지 알려줘.,0
한시간 남았습니다.,0
퇴근 얼마나 남았는지 알려줘.,0
아직 두시간 남았어요.,0
퇴근 얼마나 남았는지 알려줘.,0
퇴근까지 십분 남았습니다.,0
몇 분 뒤에 퇴근이야?,0
한 시간 반 남았네요.,0
몇 분 뒤에 퇴근이야?,0
한시간 남았습니다.,0
몇 분 뒤에 퇴근이야?,0
아직 두시간 남았어요.,0
몇 분 뒤에 퇴근이야?,0
퇴근까지 십분 남았습니다.,0
뭐 먹지?,0
오늘은 짜장면 어떠세요?,0
뭐 먹지?,0
오늘은 짜장면 어떠실까요?,0
뭐 먹지?,0
오늘은 짜장면 어떠십니까?,0
뭐 먹지?,0
짜장면이 괜찮을 것 같은데 어떠세요?,0
뭐 먹지?,0
오늘은 떡볶이 어떠세요?,0
뭐 먹지?,0
떡볶이 어떠신가요?,0
뭐 먹지?,0
떡볶이가 좋을 것 같아요.,0
뭐 먹지?,0
짜장면 어떠세요?,0
뭐 먹지?,0
일식으로 돈가스 어떠신가요?,0
뭐 먹지?,0
오늘은 비가 오니 곱창전골 어떠세요?,0
뭐 먹지?,0
날씨가 쌀쌀하니까 칼국수가 좋을 것 같네요.,0
뭐 먹지?,0
간단하게 샌드위치 어떨까요?,0
뭐 먹지?,0
시원한 냉면 어떠세요?,0
뭐 먹지?,0
제육덮밥 어떠신가요?,0
뭐 먹을까?,0
오늘은 짜장면 어떠세요?,0
뭐 먹을까?,0
오늘은 짜장면 어떠실까요?,0
뭐 먹을까?,0
오늘은 짜장면 어떠십니까?,0
뭐 먹을까?,0
짜장면이 괜찮을 것 같은데 어떠세요?,0
뭐 먹을까?,0
오늘은 떡볶이 어떠세요?,0
뭐 먹을까?,0
떡볶이 어떠신가요?,0
뭐 먹을까?,0
떡볶이가 좋을 것 같아요.,0
뭐 먹을까?,0
짜장면 어떠세요?,0
뭐 먹을까?,0
일식으로 돈가스 어떠신가요?,0
뭐 먹을까?,0
오늘은 비가 오니 곱창전골 어떠세요?,0
뭐 먹을까?,0
날씨가 쌀쌀하니까 칼국수가 좋을 것 같네요.,0
뭐 먹을까?,0
간단하게 샌드위치 어떨까요?,0
뭐 먹을까?,0
시원한 냉면 어떠세요?,0
뭐 먹을까?,0
제육덮밥 어떠신가요?,0
오늘 뭐 먹을까?,0
오늘은 짜장면 어떠세요?,0
오늘 뭐 먹을까?,0
오늘은 짜장면 어떠실까요?,0
오늘 뭐 먹을까?,0
오늘은 짜장면 어떠십니까?,0
오늘 뭐 먹을까?,0
짜장면이 괜찮을 것 같은데 어떠세요?,0
오늘 뭐 먹을까?,0
오늘은 떡볶이 어떠세요?,0
오늘 뭐 먹을까?,0
떡볶이 어떠신가요?,0
오늘 뭐 먹을까?,0
떡볶이가 좋을 것 같아요.,0
오늘 뭐 먹을까?,0
짜장면 어떠세요?,0
오늘 뭐 먹을까?,0
일식으로 돈가스 어떠신가요?,0
오늘 뭐 먹을까?,0
오늘은 비가 오니 곱창전골 어떠세요?,0
오늘 뭐 먹을까?,0
날씨가 쌀쌀하니까 칼국수가 좋을 것 같네요.,0
오늘 뭐 먹을까?,0
간단하게 샌드위치 어떨까요?,0
오늘 뭐 먹을까?,0
시원한 냉면 어떠세요?,0
오늘 뭐 먹을까?,0
제육덮밥 어떠신가요?,0
오늘은 뭐 먹지?,0
오늘은 짜장면 어떠세요?,0
오늘은 뭐 먹지?,0
오늘은 짜장면 어떠실까요?,0
오늘은 뭐 먹지?,0
오늘은 짜장면 어떠십니까?,0
오늘은 뭐 먹지?,0
짜장면이 괜찮을 것 같은데 어떠세요?,0
오늘은 뭐 먹지?,0
오늘은 떡볶이 어떠세요?,0
오늘은 뭐 먹지?,0
떡볶이 어떠신가요?,0
오늘은 뭐 먹지?,0
떡볶이가 좋을 것 같아요.,0
오늘은 뭐 먹지?,0
짜장면 어떠세요?,0
오늘은 뭐 먹지?,0
일식으로 돈가스 어떠신가요?,0
오늘은 뭐 먹지?,0
오늘은 비가 오니 곱창전골 어떠세요?,0
오늘은 뭐 먹지?,0
날씨가 쌀쌀하니까 칼국수가 좋을 것 같네요.,0
오늘은 뭐 먹지?,0
간단하게 샌드위치 어떨까요?,0
오늘은 뭐 먹지?,0
시원한 냉면 어떠세요?,0
오늘은 뭐 먹지?,0
제육덮밥 어떠신가요?,0
오늘은 뭐 먹는게 좋을까?,0
오늘은 짜장면 어떠세요?,0
오늘은 뭐 먹는게 좋을까?,0
오늘은 짜장면 어떠실까요?,0
오늘은 뭐 먹는게 좋을까?,0
오늘은 짜장면 어떠십니까?,0
오늘은 뭐 먹는게 좋을까?,0
짜장면이 괜찮을 것 같은데 어떠세요?,0
오늘은 뭐 먹는게 좋을까?,0
오늘은 떡볶이 어떠세요?,0
오늘은 뭐 먹는게 좋을까?,0
떡볶이 어떠신가요?,0
오늘은 뭐 먹는게 좋을까?,0
떡볶이가 좋을 것 같아요.,0
오늘은 뭐 먹는게 좋을까?,0
짜장면 어떠세요?,0
오늘은 뭐 먹는게 좋을까?,0
일식으로 돈가스 어떠신가요?,0
오늘은 뭐 먹는게 좋을까?,0
오늘은 비가 오니 곱창전골 어떠세요?,0
오늘은 뭐 먹는게 좋을까?,0
날씨가 쌀쌀하니까 칼국수가 좋을 것 같네요.,0
오늘은 뭐 먹는게 좋을까?,0
간단하게 샌드위치 어떨까요?,0
오늘은 뭐 먹는게 좋을까?,0
시원한 냉면 어떠세요?,0
오늘은 뭐 먹는게 좋을까?,0
제육덮밥 어떠신가요?,0
점심 뭐 먹지?,0
오늘은 짜장면 어떠세요?,0
점심 뭐 먹지?,0
오늘은 짜장면 어떠실까요?,0
점심 뭐 먹지?,0
오늘은 짜장면 어떠십니까?,0
점심 뭐 먹지?,0
짜장면이 괜찮을 것 같은데 어떠세요?,0
점심 뭐 먹지?,0
오늘은 떡볶이 어떠세요?,0
점심 뭐 먹지?,0
떡볶이 어떠신가요?,0
점심 뭐 먹지?,0
떡볶이가 좋을 것 같아요.,0
점심 뭐 먹지?,0
짜장면 어떠세요?,0
점심 뭐 먹지?,0
일식으로 돈가스 어떠신가요?,0
점심 뭐 먹지?,0
오늘은 비가 오니 곱창전골 어떠세요?,0
점심 뭐 먹지?,0
날씨가 쌀쌀하니까 칼국수가 좋을 것 같네요.,0
점심 뭐 먹지?,0
간단하게 샌드위치 어떨까요?,0
점심 뭐 먹지?,0
시원한 냉면 어떠세요?,0
점심 뭐 먹지?,0
제육덮밥 어떠신가요?,0
오늘 점심은 뭐 먹을까?,0
오늘은 짜장면 어떠세요?,0
오늘 점심은 뭐 먹을까?,0
오늘은 짜장면 어떠실까요?,0
오늘 점심은 뭐 먹을까?,0
오늘은 짜장면 어떠십니까?,0
오늘 점심은 뭐 먹을까?,0
짜장면이 괜찮을 것 같은데 어떠세요?,0
오늘 점심은 뭐 먹을까?,0
오늘은 떡볶이 어떠세요?,0
오늘 점심은 뭐 먹을까?,0
떡볶이 어떠신가요?,0
오늘 점심은 뭐 먹을까?,0
떡볶이가 좋을 것 같아요.,0
오늘 점심은 뭐 먹을까?,0
짜장면 어떠세요?,0
오늘 점심은 뭐 먹을까?,0
일식으로 돈가스 어떠신가요?,0
오늘 점심은 뭐 먹을까?,0
오늘은 비가 오니 곱창전골 어떠세요?,0
오늘 점심은 뭐 먹을까?,0
날씨가 쌀쌀하니까 칼국수가 좋을 것 같네요.,0
오늘 점심은 뭐 먹을까?,0
간단하게 샌드위치 어떨까요?,0
오늘 점심은 뭐 먹을까?,0
시원한 냉면 어떠세요?,0
오늘 점심은 뭐 먹을까?,0
제육덮밥 어떠신가요?,0
오늘은 점심으로 뭐가 좋을까?,0
오늘은 짜장면 어떠세요?,0
오늘은 점심으로 뭐가 좋을까?,0
오늘은 짜장면 어떠실까요?,0
오늘은 점심으로 뭐가 좋을까?,0
오늘은 짜장면 어떠십니까?,0
오늘은 점심으로 뭐가 좋을까?,0
짜장면이 괜찮을 것 같은데 어떠세요?,0
오늘은 점심으로 뭐가 좋을까?,0
오늘은 떡볶이 어떠세요?,0
오늘은 점심으로 뭐가 좋을까?,0
떡볶이 어떠신가요?,0
오늘은 점심으로 뭐가 좋을까?,0
떡볶이가 좋을 것 같아요.,0
오늘은 점심으로 뭐가 좋을까?,0
짜장면 어떠세요?,0
오늘은 점심으로 뭐가 좋을까?,0
일식으로 돈가스 어떠신가요?,0
오늘은 점심으로 뭐가 좋을까?,0
오늘은 비가 오니 곱창전골 어떠세요?,0
오늘은 점심으로 뭐가 좋을까?,0
날씨가 쌀쌀하니까 칼국수가 좋을 것 같네요.,0
오늘은 점심으로 뭐가 좋을까?,0
간단하게 샌드위치 어떨까요?,0
오늘은 점심으로 뭐가 좋을까?,0
시원한 냉면 어떠세요?,0
오늘은 점심으로 뭐가 좋을까?,0
제육덮밥 어떠신가요?,0
점심으로 뭐 먹는게 좋을까?,0
오늘은 짜장면 어떠세요?,0
점심으로 뭐 먹는게 좋을까?,0
오늘은 짜장면 어떠실까요?,0
점심으로 뭐 먹는게 좋을까?,0
오늘은 짜장면 어떠십니까?,0
점심으로 뭐 먹는게 좋을까?,0
짜장면이 괜찮을 것 같은데 어떠세요?,0
점심으로 뭐 먹는게 좋을까?,0
오늘은 떡볶이 어떠세요?,0
점심으로 뭐 먹는게 좋을까?,0
떡볶이 어떠신가요?,0
점심으로 뭐 먹는게 좋을까?,0
떡볶이가 좋을 것 같아요.,0
점심으로 뭐 먹는게 좋을까?,0
짜장면 어떠세요?,0
점심으로 뭐 먹는게 좋을까?,0
일식으로 돈가스 어떠신가요?,0
점심으로 뭐 먹는게 좋을까?,0
오늘은 비가 오니 곱창전골 어떠세요?,0
점심으로 뭐 먹는게 좋을까?,0
날씨가 쌀쌀하니까 칼국수가 좋을 것 같네요.,0
점심으로 뭐 먹는게 좋을까?,0
간단하게 샌드위치 어떨까요?,0
점심으로 뭐 먹는게 좋을까?,0
시원한 냉면 어떠세요?,0
점심으로 뭐 먹는게 좋을까?,0
제육덮밥 어떠신가요?,0
떡볶이 좋지.,0
식사 맛있게 하세요.,0
떡볶이 좋지.,0
식사 든든하게 드세요.,0
떡볶이 좋지.,0
맛있게 드시고 오세요.,0
떡볶이 좋지.,0
즐거운 식사시간 되세요.,0
떡볶이 좋지.,0
맛있게 드세요.,0
떡볶이 좋지.,0
든든하게 드시고 오세요.,0
떡볶이 좋지.,0
감사합니다.,0
떡볶이 좋지.,0
즐거운 식사 되세요.,0
"오, 그거 좋다.",0
식사 맛있게 하세요.,0
"오, 그거 좋다.",0
식사 든든하게 드세요.,0
"오, 그거 좋다.",0
맛있게 드시고 오세요.,0
"오, 그거 좋다.",0
즐거운 식사시간 되세요.,0
"오, 그거 좋다.",0
맛있게 드세요.,0
"오, 그거 좋다.",0
든든하게 드시고 오세요.,0
"오, 그거 좋다.",0
감사합니다.,0
"오, 그거 좋다.",0
즐거운 식사 되세요.,0
"오, 그거 좋다.",0
좋은 하루 되세요.,0
좋다 그거.,0
식사 맛있게 하세요.,0
좋다 그거.,0
식사 든든하게 드세요.,0
좋다 그거.,0
맛있게 드시고 오세요.,0
좋다 그거.,0
즐거운 식사시간 되세요.,0
좋다 그거.,0
맛있게 드세요.,0
좋다 그거.,0
든든하게 드시고 오세요.,0
좋다 그거.,0
감사합니다.,0
좋다 그거.,0
즐거운 식사 되세요.,0
좋다 그거.,0
좋은 하루 되세요.,0
그거 좋은 생각이다.,0
식사 맛있게 하세요.,0
그거 좋은 생각이다.,0
식사 든든하게 드세요.,0
그거 좋은 생각이다.,0
맛있게 드시고 오세요.,0
그거 좋은 생각이다.,0
즐거운 식사시간 되세요.,0
그거 좋은 생각이다.,0
맛있게 드세요.,0
그거 좋은 생각이다.,0
든든하게 드시고 오세요.,0
그거 좋은 생각이다.,0
감사합니다.,0
그거 좋은 생각이다.,0
즐거운 식사 되세요.,0
그거 좋은 생각이다.,0
좋은 하루 되세요.,0
그것 참 좋은 생각인 것 같아.,0
식사 맛있게 하세요.,0
그것 참 좋은 생각인 것 같아.,0
식사 든든하게 드세요.,0
그것 참 좋은 생각인 것 같아.,0
맛있게 드시고 오세요.,0
그것 참 좋은 생각인 것 같아.,0
즐거운 식사시간 되세요.,0
그것 참 좋은 생각인 것 같아.,0
맛있게 드세요.,0
그것 참 좋은 생각인 것 같아.,0
든든하게 드시고 오세요.,0
그것 참 좋은 생각인 것 같아.,0
감사합니다.,0
그것 참 좋은 생각인 것 같아.,0
즐거운 식사 되세요.,0
그것 참 좋은 생각인 것 같아.,0
좋은 하루 되세요.,0
"오, 그거 좋네.",0
식사 맛있게 하세요.,0
"오, 그거 좋네.",0
식사 든든하게 드세요.,0
"오, 그거 좋네.",0
맛있게 드시고 오세요.,0
"오, 그거 좋네.",0
즐거운 식사시간 되세요.,0
"오, 그거 좋네.",0
맛있게 드세요.,0
"오, 그거 좋네.",0
든든하게 드시고 오세요.,0
"오, 그거 좋네.",0
감사합니다.,0
"오, 그거 좋네.",0
즐거운 식사 되세요.,0
"오, 그거 좋네.",0
좋은 하루 되세요.,0
좋은 생각이야.,0
식사 맛있게 하세요.,0
좋은 생각이야.,0
식사 든든하게 드세요.,0
좋은 생각이야.,0
맛있게 드시고 오세요.,0
좋은 생각이야.,0
즐거운 식사시간 되세요.,0
좋은 생각이야.,0
맛있게 드세요.,0
좋은 생각이야.,0
든든하게 드시고 오세요.,0
좋은 생각이야.,0
감사합니다.,0
좋은 생각이야.,0
즐거운 식사 되세요.,0
좋은 생각이야.,0
좋은 하루 되세요.,0
그거 참 좋은 생각이네.,0
식사 맛있게 하세요.,0
그거 참 좋은 생각이네.,0
식사 든든하게 드세요.,0
그거 참 좋은 생각이네.,0
맛있게 드시고 오세요.,0
그거 참 좋은 생각이네.,0
즐거운 식사시간 되세요.,0
그거 참 좋은 생각이네.,0
맛있게 드세요.,0
그거 참 좋은 생각이네.,0
든든하게 드시고 오세요.,0
그거 참 좋은 생각이네.,0
감사합니다.,0
그거 참 좋은 생각이네.,0
즐거운 식사 되세요.,0
그거 참 좋은 생각이네.,0
좋은 하루 되세요.,0
되게 좋은 생각이다.,0
식사 맛있게 하세요.,0
되게 좋은 생각이다.,0
식사 든든하게 드세요.,0
되게 좋은 생각이다.,0
맛있게 드시고 오세요.,0
되게 좋은 생각이다.,0
즐거운 식사시간 되세요.,0
되게 좋은 생각이다.,0
맛있게 드세요.,0
되게 좋은 생각이다.,0
든든하게 드시고 오세요.,0
되게 좋은 생각이다.,0
감사합니다.,0
되게 좋은 생각이다.,0
즐거운 식사 되세요.,0
되게 좋은 생각이다.,0
좋은 하루 되세요.,0
짜장면 좋지.,0
식사 맛있게 하세요.,0
짜장면 좋지.,0
식사 든든하게 드세요.,0
짜장면 좋지.,0
맛있게 드시고 오세요.,0
짜장면 좋지.,0
즐거운 식사시간 되세요.,0
짜장면 좋지.,0
맛있게 드세요.,0
짜장면 좋지.,0
든든하게 드시고 오세요.,0
짜장면 좋지.,0
감사합니다.,0
짜장면 좋지.,0
즐거운 식사 되세요.,0
짜장면 괜찮다.,0
식사 맛있게 하세요.,0
짜장면 괜찮다.,0
식사 든든하게 드세요.,0
짜장면 괜찮다.,0
맛있게 드시고 오세요.,0
짜장면 괜찮다.,0
즐거운 식사시간 되세요.,0
짜장면 괜찮다.,0
맛있게 드세요.,0
짜장면 괜찮다.,0
든든하게 드시고 오세요.,0
짜장면 괜찮다.,0
감사합니다.,0
짜장면 괜찮다.,0
즐거운 식사 되세요.,0
"그래, 짜장면 먹어야겠다.",0
식사 맛있게 하세요.,0
"그래, 짜장면 먹어야겠다.",0
식사 든든하게 드세요.,0
"그래, 짜장면 먹어야겠다.",0
맛있게 드시고 오세요.,0
"그래, 짜장면 먹어야겠다.",0
즐거운 식사시간 되세요.,0
"그래, 짜장면 먹어야겠다.",0
맛있게 드세요.,0
"그래, 짜장면 먹어야겠다.",0
든든하게 드시고 오세요.,0
"그래, 짜장면 먹어야겠다.",0
감사합니다.,0
"그래, 짜장면 먹어야겠다.",0
즐거운 식사 되세요.,0
그거 먹어야겠다.,0
식사 맛있게 하세요.,0
그거 먹어야겠다.,0
식사 든든하게 드세요.,0
그거 먹어야겠다.,0
맛있게 드시고 오세요.,0
그거 먹어야겠다.,0
즐거운 식사시간 되세요.,0
그거 먹어야겠다.,0
맛있게 드세요.,0
그거 먹어야겠다.,0
든든하게 드시고 오세요.,0
그거 먹어야겠다.,0
감사합니다.,0
그거 먹어야겠다.,0
즐거운 식사 되세요.,0
오늘 미세먼지 농도는 어때?,0
오늘은 미세먼지 농도가 높습니다.,0
오늘 미세먼지 농도는 어때?,0
미세먼지가 많은 날입니다.,0
오늘 미세먼지 농도는 어때?,0
오늘은 미세먼지 보통입니다.,0
오늘 미세먼지 농도는 어때?,0
마스크를 착용하시는게 좋을 것 같아요.,0
오늘 미세먼지 농도는 어때?,0
마스크를 착용하시는 것을 추천합니다.,0
오늘 미세먼지 수치좀 알려줘.,0
오늘은 미세먼지 농도가 높습니다.,0
오늘 미세먼지 수치좀 알려줘.,0
미세먼지가 많은 날입니다.,0
오늘 미세먼지 수치좀 알려줘.,0
오늘은 미세먼지 보통입니다.,0
오늘 미세먼지 수치좀 알려줘.,0
마스크를 착용하시는게 좋을 것 같아요.,0
오늘 미세먼지 수치좀 알려줘.,0
마스크를 착용하시는 것을 추천합니다.,0
오늘 미세먼지 농도가 어떻게 돼?,0
오늘은 미세먼지 농도가 높습니다.,0
오늘 미세먼지 농도가 어떻게 돼?,0
미세먼지가 많은 날입니다.,0
오늘 미세먼지 농도가 어떻게 돼?,0
오늘은 미세먼지 보통입니다.,0
오늘 미세먼지 농도가 어떻게 돼?,0
마스크를 착용하시는게 좋을 것 같아요.,0
오늘 미세먼지 농도가 어떻게 돼?,0
마스크를 착용하시는 것을 추천합니다.,0
오늘 미세먼지 농도 알 수 있을까?,0
오늘은 미세먼지 농도가 높습니다.,0
오늘 미세먼지 농도 알 수 있을까?,0
미세먼지가 많은 날입니다.,0
오늘 미세먼지 농도 알 수 있을까?,0
오늘은 미세먼지 보통입니다.,0
오늘 미세먼지 농도 알 수 있을까?,0
마스크를 착용하시는게 좋을 것 같아요.,0
오늘 미세먼지 농도 알 수 있을까?,0
마스크를 착용하시는 것을 추천합니다.,0
지금 미세먼지는 어때?,0
마스크를 착용하시는게 좋을 것 같아요.,0
지금 미세먼지는 어때?,0
마스크를 착용하시는 것을 추천합니다.,0
지금 미세먼지는 어때?,0
미세먼지가 보통입니다.,0
지금 미세먼지는 어때?,0
수치가 많이 높은 상태입니다.,0
지금 미세먼지는 어때?,0
지금은 보통이에요.,0
지금 미세먼지가 어떤지 알려줘.,0
마스크를 착용하시는게 좋을 것 같아요.,0
지금 미세먼지가 어떤지 알려줘.,0
마스크를 착용하시는 것을 추천합니다.,0
지금 미세먼지가 어떤지 알려줘.,0
미세먼지가 보통입니다.,0
지금 미세먼지가 어떤지 알려줘.,0
수치가 많이 높은 상태입니다.,0
지금 미세먼지가 어떤지 알려줘.,0
지금은 보통이에요.,0
미세먼지 어떤지 알려줄래?,0
마스크를 착용하시는게 좋을 것 같아요.,0
미세먼지 어떤지 알려줄래?,0
마스크를 착용하시는 것을 추천합니다.,0
미세먼지 어떤지 알려줄래?,0
미세먼지가 보통입니다.,0
미세먼지 어떤지 알려줄래?,0
수치가 많이 높은 상태입니다.,0
미세먼지 어떤지 알려줄래?,0
지금은 보통이에요.,0
"컴패니언, 오늘 날씨 어때?",0
오후에 비가 올 예정입니다.,0
"컴패니언, 오늘 날씨 어때?",0
오후에는 비가 올 것으로 예상합니다.,0
"컴패니언, 오늘 날씨 어때?",0
오전엔 화창하지만 오후에는 비가 올 것입니다.,0
"컴패니언, 오늘 날씨 어때?",0
오늘은 하루종일 맑은날입니다.,0
"컴패니언, 오늘 날씨 어때?",0
오늘은 대체적으로 맑습니다.,0
"컴패니언, 오늘 날씨 어때?",0
대체적으로 흐린 날씨예요.,0
"컴패니언, 오늘 날씨 어때?",0
소나기 소식이 있어요.,0
오늘 날씨 말해줘.,0
오후에 비가 올 예정입니다.,0
오늘 날씨 말해줘.,0
오후에는 비가 올 것으로 예상합니다.,0
오늘 날씨 말해줘.,0
오전엔 화창하지만 오후에는 비가 올 것입니다.,0
오늘 날씨 말해줘.,0
오늘은 하루종일 맑은날입니다.,0
오늘 날씨 말해줘.,0
오늘은 대체적으로 맑습니다.,0
오늘 날씨 말해줘.,0
대체적으로 흐린 날씨예요.,0
오늘 날씨 말해줘.,0
소나기 소식이 있어요.,0
오늘 날씨 좀 알려줘.,0
오후에 비가 올 예정입니다.,0
오늘 날씨 좀 알려줘.,0
오후에는 비가 올 것으로 예상합니다.,0
오늘 날씨 좀 알려줘.,0
오전엔 화창하지만 오후에는 비가 올 것입니다.,0
오늘 날씨 좀 알려줘.,0
오늘은 하루종일 맑은날입니다.,0
오늘 날씨 좀 알려줘.,0
오늘은 대체적으로 맑습니다.,0
오늘 날씨 좀 알려줘.,0
대체적으로 흐린 날씨예요.,0
오늘 날씨 좀 알려줘.,0
소나기 소식이 있어요.,0
오늘 날씨 어때?,0
오후에 비가 올 예정입니다.,0
오늘 날씨 어때?,0
오후에는 비가 올 것으로 예상합니다.,0
오늘 날씨 어때?,0
오전엔 화창하지만 오후에는 비가 올 것입니다.,0
오늘 날씨 어때?,0
오늘은 하루종일 맑은날입니다.,0
오늘 날씨 어때?,0
오늘은 대체적으로 맑습니다.,0
오늘 날씨 어때?,0
대체적으로 흐린 날씨예요.,0
오늘 날씨 어때?,0
소나기 소식이 있어요.,0
날씨 알려줘.,0
오후에 비가 올 예정입니다.,0
날씨 알려줘.,0
오후에는 비가 올 것으로 예상합니다.,0
날씨 알려줘.,0
오전엔 화창하지만 오후에는 비가 올 것입니다.,0
날씨 알려줘.,0
오늘은 하루종일 맑은날입니다.,0
날씨 알려줘.,0
오늘은 대체적으로 맑습니다.,0
날씨 알려줘.,0
대체적으로 흐린 날씨예요.,0
날씨 알려줘.,0
소나기 소식이 있어요.,0
오늘 날씨 좋네.,0
날씨가 좋으니 산책 다녀오시는 것도 좋을것 같아요.,0
오늘 날씨 좋네.,0
기분도 좋으셨으면 좋겠어요.,0
오늘 날씨 너무 좋다.,0
날씨가 좋으니 산책 다녀오시는 것도 좋을것 같아요.,0
오늘 날씨 너무 좋다.,0
기분도 좋으셨으면 좋겠어요.,0
날씨가 좋네.,0
날씨가 좋으니 산책 다녀오시는 것도 좋을것 같아요.,0
날씨가 좋네.,0
기분도 좋으셨으면 좋겠어요.,0
날씨 좋다!,0
날씨가 좋으니 산책 다녀오시는 것도 좋을것 같아요.,0
날씨 좋다!,0
기분도 좋으셨으면 좋겠어요.,0
지금 날씨 어때?,0
비가 오고 있어요.,0
지금 날씨 어때?,0
기온이 높고 화창해요!,0
지금 날씨 어때?,0
구름이 많이 껴있어 흐립니다.,0
지금 날씨 어때?,0
바람이 많이 불고 추워요.,0
지금 날씨 어떤지 말해줘.,0
비가 오고 있어요.,0
지금 날씨 어떤지 말해줘.,0
기온이 높고 화창해요!,0
지금 날씨 어떤지 말해줘.,0
구름이 많이 껴있어 흐립니다.,0
지금 날씨 어떤지 말해줘.,0
바람이 많이 불고 추워요.,0
날씨 어때?,0
비가 오고 있어요.,0
날씨 어때?,0
기온이 높고 화창해요!,0
날씨 어때?,0
구름이 많이 껴있어 흐립니다.,0
날씨 어때?,0
바람이 많이 불고 추워요.,0
춥다 오늘.,0
내일은 더 춥대요.,0
춥다 오늘.,0
내일은 온도가 더 내려갑니다.,0
춥다 오늘.,0
내일은 더 쌀쌀합니다.,0
춥다 오늘.,0
내일은 더 따뜻하게 입고 나오세요.,0
춥다 오늘.,0
내일은 옷 단단히 입고 나오세요.,0
오늘 기온이 낮은가봐.,0
내일은 더 춥대요.,0
오늘 기온이 낮은가봐.,0
내일은 온도가 더 내려갑니다.,0
오늘 기온이 낮은가봐.,0
내일은 더 쌀쌀합니다.,0
오늘 기온이 낮은가봐.,0
내일은 더 따뜻하게 입고 나오세요.,0
오늘 기온이 낮은가봐.,0
내일은 옷 단단히 입고 나오세요.,0
오늘 좀 춥다.,0
내일은 더 춥대요.,0
오늘 좀 춥다.,0
내일은 온도가 더 내려갑니다.,0
오늘 좀 춥다.,0
내일은 더 쌀쌀합니다.,0
오늘 좀 춥다.,0
내일은 더 따뜻하게 입고 나오세요.,0
오늘 좀 춥다.,0
내일은 옷 단단히 입고 나오세요.,0
오늘은 날씨가 좀 춥네.,0
내일은 더 춥대요.,0
오늘은 날씨가 좀 춥네.,0
내일은 온도가 더 내려갑니다.,0
오늘은 날씨가 좀 춥네.,0
내일은 더 쌀쌀합니다.,0
오늘은 날씨가 좀 춥네.,0
내일은 더 따뜻하게 입고 나오세요.,0
오늘은 날씨가 좀 춥네.,0
내일은 옷 단단히 입고 나오세요.,0
오늘은 좀 추운것 같아.,0
내일은 더 춥대요.,0
오늘은 좀 추운것 같아.,0
내일은 온도가 더 내려갑니다.,0
오늘은 좀 추운것 같아.,0
내일은 더 쌀쌀합니다.,0
오늘은 좀 추운것 같아.,0
내일은 더 따뜻하게 입고 나오세요.,0
오늘은 좀 추운것 같아.,0
내일은 옷 단단히 입고 나오세요.,0
오늘 날씨가 꽤나 쌀쌀하네.,0
내일은 더 춥대요.,0
오늘 날씨가 꽤나 쌀쌀하네.,0
내일은 온도가 더 내려갑니다.,0
오늘 날씨가 꽤나 쌀쌀하네.,0
내일은 더 쌀쌀합니다.,0
오늘 날씨가 꽤나 쌀쌀하네.,0
내일은 더 따뜻하게 입고 나오세요.,0
오늘 날씨가 꽤나 쌀쌀하네.,0
내일은 옷 단단히 입고 나오세요.,0
오늘 회의도 많고 너무 바쁘네.,0
이런 날 쉬는 시간에 산책하는 건 어떨까요?,0
오늘 회의도 많고 너무 바쁘네.,0
잠시 머리를 식히는 겸 휴식을 취하세요.,0
오늘 회의도 많고 너무 바쁘네.,0
요즘 업무가 많으신가 봐요.,0
오늘 회의도 많고 너무 바쁘네.,0
업무량이 많으신것 같네요.,0
오늘 회의도 많고 너무 바쁘네.,0
그래도 무리하지 마시고 힘내세요.,0
오늘 회의도 많고 너무 바쁘네.,0
퇴근까지 얼마 남지 않았어요. ,0
오늘 회의도 많고 너무 바쁘네.,0
그래도 오늘은 금요일이에요.,0
오늘 할일도 많고 너무 바빠.,0
이런 날 쉬는 시간에 산책하는 건 어떨까요?,0
오늘 할일도 많고 너무 바빠.,0
잠시 머리를 식히는 겸 휴식을 취하세요.,0
오늘 할일도 많고 너무 바빠.,0
요즘 업무가 많으신가 봐요.,0
오늘 할일도 많고 너무 바빠.,0
업무량이 많으신것 같네요.,0
오늘 할일도 많고 너무 바빠.,0
그래도 무리하지 마시고 힘내세요.,0
오늘 할일도 많고 너무 바빠.,0
퇴근까지 얼마 남지 않았어요. ,0
오늘 할일도 많고 너무 바빠.,0
그래도 오늘은 금요일이에요.,0
할일이 많아서 너무 바쁘네.,0
이런 날 쉬는 시간에 산책하는 건 어떨까요?,0
할일이 많아서 너무 바쁘네.,0
잠시 머리를 식히는 겸 휴식을 취하세요.,0
할일이 많아서 너무 바쁘네.,0
요즘 업무가 많으신가 봐요.,0
할일이 많아서 너무 바쁘네.,0
업무량이 많으신것 같네요.,0
할일이 많아서 너무 바쁘네.,0
그래도 무리하지 마시고 힘내세요.,0
할일이 많아서 너무 바쁘네.,0
퇴근까지 얼마 남지 않았어요. ,0
할일이 많아서 너무 바쁘네.,0
그래도 오늘은 금요일이에요.,0
할일이 너무 많아.,0
이런 날 쉬는 시간에 산책하는 건 어떨까요?,0
할일이 너무 많아.,0
잠시 머리를 식히는 겸 휴식을 취하세요.,0
할일이 너무 많아.,0
요즘 업무가 많으신가 봐요.,0
할일이 너무 많아.,0
업무량이 많으신것 같네요.,0
할일이 너무 많아.,0
그래도 무리하지 마시고 힘내세요.,0
할일이 너무 많아.,0
퇴근까지 얼마 남지 않았어요. ,0
할일이 너무 많아.,0
그래도 오늘은 금요일이에요.,0
오늘 일이 많네.,0
이런 날 쉬는 시간에 산책하는 건 어떨까요?,0
오늘 일이 많네.,0
잠시 머리를 식히는 겸 휴식을 취하세요.,0
오늘 일이 많네.,0
요즘 업무가 많으신가 봐요.,0
오늘 일이 많네.,0
업무량이 많으신것 같네요.,0
오늘 일이 많네.,0
그래도 무리하지 마시고 힘내세요.,0
오늘 일이 많네.,0
퇴근까지 얼마 남지 않았어요. ,0
오늘 일이 많네.,0
그래도 오늘은 금요일이에요.,0
오늘도 너무 바쁘다.,0
이런 날 쉬는 시간에 산책하는 건 어떨까요?,0
오늘도 너무 바쁘다.,0
잠시 머리를 식히는 겸 휴식을 취하세요.,0
오늘도 너무 바쁘다.,0
요즘 업무가 많으신가 봐요.,0
오늘도 너무 바쁘다.,0
업무량이 많으신것 같네요.,0
오늘도 너무 바쁘다.,0
그래도 무리하지 마시고 힘내세요.,0
오늘도 너무 바쁘다.,0
퇴근까지 얼마 남지 않았어요. ,0
오늘도 너무 바쁘다.,0
그래도 오늘은 금요일이에요.,0
오늘도 너무 바빠.,0
이런 날 쉬는 시간에 산책하는 건 어떨까요?,0
오늘도 너무 바빠.,0
잠시 머리를 식히는 겸 휴식을 취하세요.,0
오늘도 너무 바빠.,0
요즘 업무가 많으신가 봐요.,0
오늘도 너무 바빠.,0
업무량이 많으신것 같네요.,0
오늘도 너무 바빠.,0
그래도 무리하지 마시고 힘내세요.,0
오늘도 너무 바빠.,0
퇴근까지 얼마 남지 않았어요. ,0
오늘도 너무 바빠.,0
그래도 오늘은 금요일이에요.,0
오늘 너무 바쁘다.,0
이런 날 쉬는 시간에 산책하는 건 어떨까요?,0
오늘 너무 바쁘다.,0
잠시 머리를 식히는 겸 휴식을 취하세요.,0
오늘 너무 바쁘다.,0
요즘 업무가 많으신가 봐요.,0
오늘 너무 바쁘다.,0
업무량이 많으신것 같네요.,0
오늘 너무 바쁘다.,0
그래도 무리하지 마시고 힘내세요.,0
오늘 너무 바쁘다.,0
퇴근까지 얼마 남지 않았어요. ,0
오늘 너무 바쁘다.,0
그래도 오늘은 금요일이에요.,0
오늘따라 시간이 안 가네.,0
이런 날 쉬는 시간에 산책하는 건 어떨까요?,0
오늘따라 시간이 안 가네.,0
잠시 머리를 식히는 겸 휴식을 취하세요.,0
오늘따라 시간이 안 가네.,0
요즘 업무가 많으신가 봐요.,0
오늘따라 시간이 안 가네.,0
업무량이 많으신것 같네요.,0
오늘따라 시간이 안 가네.,0
그래도 무리하지 마시고 힘내세요.,0
오늘따라 시간이 안 가네.,0
퇴근까지 얼마 남지 않았어요. ,0
오늘따라 시간이 안 가네.,0
그래도 오늘은 금요일이에요.,0
왜 이렇게 시간이 안가지.,0
이런 날 쉬는 시간에 산책하는 건 어떨까요?,0
왜 이렇게 시간이 안가지.,0
잠시 머리를 식히는 겸 휴식을 취하세요.,0
왜 이렇게 시간이 안가지.,0
요즘 업무가 많으신가 봐요.,0
왜 이렇게 시간이 안가지.,0
업무량이 많으신것 같네요.,0
왜 이렇게 시간이 안가지.,0
그래도 무리하지 마시고 힘내세요.,0
왜 이렇게 시간이 안가지.,0
퇴근까지 얼마 남지 않았어요. ,0
왜 이렇게 시간이 안가지.,0
그래도 오늘은 금요일이에요.,0
시간이 너무 안가는 것 같아.,0
이런 날 쉬는 시간에 산책하는 건 어떨까요?,0
시간이 너무 안가는 것 같아.,0
잠시 머리를 식히는 겸 휴식을 취하세요.,0
시간이 너무 안가는 것 같아.,0
요즘 업무가 많으신가 봐요.,0
시간이 너무 안가는 것 같아.,0
업무량이 많으신것 같네요.,0
시간이 너무 안가는 것 같아.,0
그래도 무리하지 마시고 힘내세요.,0
시간이 너무 안가는 것 같아.,0
퇴근까지 얼마 남지 않았어요. ,0
시간이 너무 안가는 것 같아.,0
그래도 오늘은 금요일이에요.,0
시간이 너무 더디게 가는 기분이야.,0
이런 날 쉬는 시간에 산책하는 건 어떨까요?,0
시간이 너무 더디게 가는 기분이야.,0
잠시 머리를 식히는 겸 휴식을 취하세요.,0
시간이 너무 더디게 가는 기분이야.,0
요즘 업무가 많으신가 봐요.,0
시간이 너무 더디게 가는 기분이야.,0
업무량이 많으신것 같네요.,0
시간이 너무 더디게 가는 기분이야.,0
그래도 무리하지 마시고 힘내세요.,0
시간이 너무 더디게 가는 기분이야.,0
퇴근까지 얼마 남지 않았어요. ,0
시간이 너무 더디게 가는 기분이야.,0
그래도 오늘은 금요일이에요.,0
시간이 왜이렇게 안 갈까.,0
이런 날 쉬는 시간에 산책하는 건 어떨까요?,0
시간이 왜이렇게 안 갈까.,0
잠시 머리를 식히는 겸 휴식을 취하세요.,0
시간이 왜이렇게 안 갈까.,0
요즘 업무가 많으신가 봐요.,0
시간이 왜이렇게 안 갈까.,0
업무량이 많으신것 같네요.,0
시간이 왜이렇게 안 갈까.,0
그래도 무리하지 마시고 힘내세요.,0
시간이 왜이렇게 안 갈까.,0
퇴근까지 얼마 남지 않았어요. ,0
시간이 왜이렇게 안 갈까.,0
그래도 오늘은 금요일이에요.,0
너무 시간이 안가.,0
이런 날 쉬는 시간에 산책하는 건 어떨까요?,0
너무 시간이 안가.,0
잠시 머리를 식히는 겸 휴식을 취하세요.,0
너무 시간이 안가.,0
요즘 업무가 많으신가 봐요.,0
너무 시간이 안가.,0
업무량이 많으신것 같네요.,0
너무 시간이 안가.,0
그래도 무리하지 마시고 힘내세요.,0
너무 시간이 안가.,0
퇴근까지 얼마 남지 않았어요. ,0
너무 시간이 안가.,0
그래도 오늘은 금요일이에요.,0
"아니, 괜찮아.",0
"네, 알겠습니다.",0
"아니야, 괜찮아.",0
"네, 알겠습니다.",0
"됐어, 괜찮아.",0
"네, 알겠습니다.",0
"아니, 그런 건 아닌데.",0
힘내세요.,0
"아니, 그런 건 아니야.",0
힘내세요.,0
그런 건 아니고.,0
힘내세요.,0
"아니, 그런 건 아닌데.",0
기운 내세요.,0
"아니, 그런건 아니야.",0
기운 내세요.,0
그런 건 아니고.,0
기운 내세요.,0
"아니, 아직.",0
간식이라도 챙겨드세요.,0
"아니, 없어.",0
오늘도 좋은 하루 되세요.,0
"아니, 없어.",0
좋은 하루 보내세요.,0
오늘따라 시간이 안 가네.,0
조금만 더 힘내세요. ,0
오늘따라 시간이 안 가네.,0
"얼마 안남았어요, 힘내세요.",0
오늘따라 시간이 안 가네.,0
퇴근까지 얼마 안남았으니 조금만 더 힘내세요.,0
오늘 시간이 너무 안가네.,0
그래도 오늘은 금요일이에요.,0
오늘 시간이 너무 안가네.,0
조금만 더 힘내세요. ,0
오늘 시간이 너무 안가네.,0
"얼마 안남았어요, 힘내세요.",0
오늘 시간이 너무 안가네.,0
퇴근까지 얼마 안남았으니 조금만 더 힘내세요.,0
너무 시간이 안 가는것 같아.,0
그래도 오늘은 금요일이에요.,0
너무 시간이 안 가는것 같아.,0
조금만 더 힘내세요. ,0
너무 시간이 안 가는것 같아.,0
"얼마 안남았어요, 힘내세요.",0
너무 시간이 안 가는것 같아.,0
퇴근까지 얼마 안남았으니 조금만 더 힘내세요.,0
오늘은 미팅이 많아.,0
오늘 하루도 힘내세요.,0
오늘은 미팅이 많아.,0
미팅이 끝나면 금방 하루가 지날거에요.,0
오늘은 미팅이 많아.,0
"미팅 다 마치면 퇴근이에요, 힘내세요.",0
오늘 미팅이 많이 있네.,0
오늘 하루도 힘내세요.,0
오늘 미팅이 많이 있네.,0
미팅이 끝나면 금방 하루가 지날거에요.,0
오늘 미팅이 많이 있네.,0
"미팅 다 마치면 퇴근이에요, 힘내세요.",0
미팅이 많네.,0
오늘 하루도 힘내세요.,0
미팅이 많네.,0
미팅이 끝나면 금방 하루가 지날거에요.,0
미팅이 많네.,0
"미팅 다 마치면 퇴근이에요, 힘내세요.",0
하루가 미팅으로 꽉 차있네.,0
오늘 하루도 힘내세요.,0
하루가 미팅으로 꽉 차있네.,0
미팅이 끝나면 금방 하루가 지날거에요.,0
하루가 미팅으로 꽉 차있네.,0
"미팅 다 마치면 퇴근이에요, 힘내세요.",0
미팅이 가득이네.,0
오늘 하루도 힘내세요.,0
미팅이 가득이네.,0
미팅이 끝나면 금방 하루가 지날거에요.,0
미팅이 가득이네.,0
"미팅 다 마치면 퇴근이에요, 힘내세요.",0
이제 곧 퇴근이야.,0
오늘 하루도 수고하셨어요.,0
이제 곧 퇴근이야.,0
오늘도 수고하셨습니다.,0
이제 곧 퇴근이야.,0
고생하셨습니다.,0
이제 곧 퇴근이야.,0
하루종일 수고 많으셨어요.,0
퇴근이다!,0
오늘 하루도 수고하셨어요.,0
퇴근이다!,0
오늘도 수고하셨습니다.,0
퇴근이다!,0
고생하셨습니다.,0
퇴근이다!,0
하루종일 수고 많으셨어요.,0
곧 퇴근이야!,0
오늘 하루도 수고하셨어요.,0
곧 퇴근이야!,0
오늘도 수고하셨습니다.,0
곧 퇴근이야!,0
고생하셨습니다.,0
곧 퇴근이야!,0
하루종일 수고 많으셨어요.,0
오늘은 칼퇴 할거야.,0
오늘 하루도 수고하셨어요.,0
오늘은 칼퇴 할거야.,0
오늘도 수고하셨습니다.,0
오늘은 칼퇴 할거야.,0
고생하셨습니다.,0
오늘은 칼퇴 할거야.,0
하루종일 수고 많으셨어요.,0
오늘은 칼퇴 해야지.,0
오늘 하루도 수고하셨어요.,0
오늘은 칼퇴 해야지.,0
오늘도 수고하셨습니다.,0
오늘은 칼퇴 해야지.,0
고생하셨습니다.,0
오늘은 칼퇴 해야지.,0
하루종일 수고 많으셨어요.,0
오늘은 제때 칼퇴 해야지.,0
오늘 하루도 수고하셨어요.,0
오늘은 제때 칼퇴 해야지.,0
오늘도 수고하셨습니다.,0
오늘은 제때 칼퇴 해야지.,0
고생하셨습니다.,0
오늘은 제때 칼퇴 해야지.,0
하루종일 수고 많으셨어요.,0
정시에 딱 퇴근할거야.,0
오늘 하루도 수고하셨어요.,0
정시에 딱 퇴근할거야.,0
오늘도 수고하셨습니다.,0
정시에 딱 퇴근할거야.,0
고생하셨습니다.,0
정시에 딱 퇴근할거야.,0
하루종일 수고 많으셨어요.,0
조금 있으면 퇴근이야!,0
오늘 하루도 수고하셨어요.,0
조금 있으면 퇴근이야!,0
오늘도 수고하셨습니다.,0
조금 있으면 퇴근이야!,0
고생하셨습니다.,0
조금 있으면 퇴근이야!,0
하루종일 수고 많으셨어요.,0
곧 퇴근할거야.,0
오늘 하루도 수고하셨어요.,0
곧 퇴근할거야.,0
오늘도 수고하셨습니다.,0
곧 퇴근할거야.,0
고생하셨습니다.,0
곧 퇴근할거야.,0
하루종일 수고 많으셨어요.,0
오늘은 제때 퇴근할 수 있겠어.,0
오늘 하루도 수고하셨어요.,0
오늘은 제때 퇴근할 수 있겠어.,0
오늘도 수고하셨습니다.,0
오늘은 제때 퇴근할 수 있겠어.,0
고생하셨습니다.,0
오늘은 제때 퇴근할 수 있겠어.,0
하루종일 수고 많으셨어요.,0
퇴근해야겠어.,0
오늘 하루도 수고하셨어요.,0
퇴근해야겠어.,0
오늘도 수고하셨습니다.,0
퇴근해야겠어.,0
고생하셨습니다.,0
퇴근해야겠어.,0
하루종일 수고 많으셨어요.,0
드디어 퇴근이야.,0
오늘 하루도 수고하셨어요.,0
드디어 퇴근이야.,0
오늘도 수고하셨습니다.,0
드디어 퇴근이야.,0
고생하셨습니다.,0
드디어 퇴근이야.,0
하루종일 수고 많으셨어요.,0
정각에 퇴근할게.,0
오늘 하루도 수고하셨어요.,0
정각에 퇴근할게.,0
오늘도 수고하셨습니다.,0
정각에 퇴근할게.,0
고생하셨습니다.,0
정각에 퇴근할게.,0
하루종일 수고 많으셨어요.,0
퇴근한다~,0
오늘 하루도 수고하셨어요.,0
퇴근한다~,0
오늘도 수고하셨습니다.,0
퇴근한다~,0
고생하셨습니다.,0
퇴근한다~,0
하루종일 수고 많으셨어요.,0
퇴근할게.,0
오늘 하루도 수고하셨어요.,0
퇴근할게.,0
오늘도 수고하셨습니다.,0
퇴근할게.,0
고생하셨습니다.,0
퇴근할게.,0
하루종일 수고 많으셨어요.,0
안녕~ 내일 보자.,0
오늘 하루도 수고하셨어요.,0
안녕~ 내일 보자.,0
오늘도 수고하셨습니다.,0
안녕~ 내일 보자.,0
고생하셨습니다.,0
안녕~ 내일 보자.,0
하루종일 수고 많으셨어요.,0
"안녕, 퇴근할게.",0
오늘 하루도 수고하셨어요.,0
"안녕, 퇴근할게.",0
오늘도 수고하셨습니다.,0
"안녕, 퇴근할게.",0
고생하셨습니다.,0
"안녕, 퇴근할게.",0
하루종일 수고 많으셨어요.,0
"난 퇴근할게, 내일 봐.",0
오늘 하루도 수고하셨어요.,0
"난 퇴근할게, 내일 봐.",0
오늘도 수고하셨습니다.,0
"난 퇴근할게, 내일 봐.",0
고생하셨습니다.,0
"난 퇴근할게, 내일 봐.",0
하루종일 수고 많으셨어요.,0
"퇴근할게, 수고했어.",0
오늘 하루도 수고하셨어요.,0
"퇴근할게, 수고했어.",0
오늘도 수고하셨습니다.,0
"퇴근할게, 수고했어.",0
고생하셨습니다.,0
"퇴근할게, 수고했어.",0
하루종일 수고 많으셨어요.,0
"응, 좋은 하루.",0
오늘도 좋은 하루 되세요.,0
"응, 좋은 하루.",0
마지막까지 힘내세요.,0
"응, 좋은 하루.",0
남은 업무도 잘 마무리 하세요.,0
잘 보냈어.,0
오늘도 좋은 하루 되세요.,0
잘 보냈어.,0
오늘도 좋은 하루 되십시오.,0
잘 보냈어.,0
오늘도 좋은 하루 보내세요.,0
잘 보냈어.,0
좋은 하루 되세요.,0
잘 보냈어.,0
즐거운 하루 되세요.,0
잘 보냈어.,0
행복한 하루 보내세요.,0
잘 보냈지.,0
오늘도 좋은 하루 되세요.,0
잘 보냈지.,0
오늘도 좋은 하루 되십시오.,0
잘 보냈지.,0
오늘도 좋은 하루 보내세요.,0
잘 보냈지.,0
좋은 하루 되세요.,0
잘 보냈지.,0
즐거운 하루 되세요.,0
잘 보냈지.,0
행복한 하루 보내세요.,0
잘 보내고 왔어.,0
오늘도 좋은 하루 되세요.,0
잘 보내고 왔어.,0
오늘도 좋은 하루 되십시오.,0
잘 보내고 왔어.,0
오늘도 좋은 하루 보내세요.,0
잘 보내고 왔어.,0
좋은 하루 되세요.,0
잘 보내고 왔어.,0
즐거운 하루 되세요.,0
잘 보내고 왔어.,0
행복한 하루 보내세요.,0
"그럼, 잘 보냈지.",0
오늘도 좋은 하루 되세요.,0
"그럼, 잘 보냈지.",0
오늘도 좋은 하루 되십시오.,0
"그럼, 잘 보냈지.",0
오늘도 좋은 하루 보내세요.,0
"그럼, 잘 보냈지.",0
좋은 하루 되세요.,0
"그럼, 잘 보냈지.",0
즐거운 하루 되세요.,0
"그럼, 잘 보냈지.",0
행복한 하루 보내세요.,0
"응, 잘 보내고 왔지.",0
이번 주도 힘내세요.,0
"응, 잘 보내고 왔지.",0
이번 한 주도 힘내세요.,0
"응, 잘 보내고 왔지.",0
힘찬 한 주 되세요.,0
정말 잘 보내고 왔어.,0
이번 주도 힘내세요.,0
정말 잘 보내고 왔어.,0
이번 한 주도 힘내세요.,0
정말 잘 보내고 왔어.,0
힘찬 한 주 되세요.,0
그럭저럭.,0
이번 주도 힘내세요.,0
그럭저럭.,0
이번 한 주도 힘내세요.,0
그럭저럭.,0
힘찬 한 주 되세요.,0
안녕.,0
어제는 별일 없으셨나요?,0
"응, 안녕.",0
휴식은 좀 취하셨나요?,0
"컴패니언, 뭐해?",0
쉬는 중이에요.,0
"컴패니언, 너 뭐해?",0
노래 듣고 있어요.,0
음악 좀 틀어줘.,0
업무에 도움이 될만한 클래식 어떨까요?,0
햄버거 먹고싶어.,0
오늘 식사는 그걸로 하면 되겠네요!,0
"오늘 세시에 회의있어, 30분 전에 알려줘.",0
네 알겠습니다.,0
지친다 오늘.,0
"얼마 안남았어요, 힘내세요.",0
전화 온 것 있니?,0
몇 통 있습니다.,0
오늘 일은 다 끝냈어.,0
너무 수고하셨어요.,0
오늘 업무 다했어.,0
수고 많으셨어요.,0
퇴근 하고싶다.,0
곧 퇴근이에요!,0
지금 밖에 비와?,0
"네, 조금씩 오고 있어요.",0
밖에 비 오니?,0
"네, 우산 챙기세요.",0
실내 온도가 어떻게 돼?,0
24도입니다.,0
밖에 기온 좀 알려줘.,0
30도에요. 더운 날씨 입니다.,0
이제 퇴근해도 되겠지?,0
네 그럼요.,0
안이 좀 더운거 같아.,0
에어컨을 켜는건 어떨까요?,0
지금 좀 춥네.,0
히터를 켜시는 것이 좋을것 같아요.,0
밖에 더운가?,0
네 30도에요.,0
오늘 덥지?,0
네 기온이 높아요.,0
밖이 화창해 보이네.,0
날씨가 아주 맑습니다.,0
오늘은 더우니까 냉면을 먹어야겠어.,0
좋은 생각이에요.,0
추운데 뭘 먹는게 좋을까?,0
따뜻한 차 한잔 하세요.,0
눈 오는것 같은데?,0
"네, 눈길 조심하세요.",0
너는 오늘 기분 어때?,0
기분 좋은 하루에요.,0
무슨 생각해?,0
아무 생각도 안하는걸요.,0
넌 뭐야?,0
잘 모르겠어요.,0
기분이 영 별로야.,0
무슨 일 있으신가요?,0
